Conference,name,embed_code
Asia2013,AMP.mov,//fast.wistia.net/embed/iframe/knn27izp7x
Asia2013,AppAnnie.mov,//fast.wistia.net/embed/iframe/qtc69ot7o2
Asia2013,Arkalogic.mov,//fast.wistia.net/embed/iframe/9x62wf9bi5
Asia2013,ArthaYantra.mov,//fast.wistia.net/embed/iframe/47r3m0ivuj
Asia2013,Backbase.mov,//fast.wistia.net/embed/iframe/as25qc7yiy
Asia2013,BehavioSec.mov,//fast.wistia.net/embed/iframe/t7x8ptx4uz
Asia2013,BlueKite.mov,//fast.wistia.net/embed/iframe/pwp8yewhdo
Asia2013,Bridgei2i.mov,//fast.wistia.net/embed/iframe/4b0kn51eu8
Asia2013,CustomerXPs.mov,//fast.wistia.net/embed/iframe/401toar2u0
Asia2013,DragonWealth.mov,//fast.wistia.net/embed/iframe/uex874540h
Asia2013,GMC-IRP.mov,//fast.wistia.net/embed/iframe/3mpr7h7jvq
Asia2013,GMC-OnboardingApp.mov,//fast.wistia.net/embed/iframe/x2yqeita5o
Asia2013,i-exceed.mov,//fast.wistia.net/embed/iframe/u518qw4wl0
Asia2013,INDGroup.mov,//fast.wistia.net/embed/iframe/0ec8c0htel
Asia2013,IntuitionIntelligence.mov,//fast.wistia.net/embed/iframe/w3fnf8mago
Asia2013,KlickEx.mov,//fast.wistia.net/embed/iframe/dkmfh49wke
Asia2013,Kofax.mov,//fast.wistia.net/embed/iframe/2kwm0ausyt
Asia2013,LifePAD.mov,//fast.wistia.net/embed/iframe/r6elovmjh7
Asia2013,Luminous.mov,//fast.wistia.net/embed/iframe/x5nnlo1qvq
Asia2013,Mambu.mov,//fast.wistia.net/embed/iframe/4jznd4i5bl
Asia2013,Matchi.mov,//fast.wistia.net/embed/iframe/ragox4s3as
Asia2013,MistralMobile.mov,//fast.wistia.net/embed/iframe/8ukjkihiie
Asia2013,Mobexo.mov,//fast.wistia.net/embed/iframe/v8arhue384
Asia2013,Mobino.mov,//fast.wistia.net/embed/iframe/y3yjdclf6z
Asia2013,Payoneer.mov,//fast.wistia.net/embed/iframe/hbxjte3ep7
Asia2013,Pixeliris.mov,//fast.wistia.net/embed/iframe/zpvrwdd7ww
Asia2013,RedZebra.mov,//fast.wistia.net/embed/iframe/uiids42m95
Asia2013,SaasMarket.mov,//fast.wistia.net/embed/iframe/icdpwoycs5
Asia2013,Serverside.mov,//fast.wistia.net/embed/iframe/qved42ya0h
Asia2013,SmartEngine.mov,//fast.wistia.net/embed/iframe/x6dk5smbfg
Asia2013,TIBCOSoftware.mov,//fast.wistia.net/embed/iframe/6prijezfi9
Asia2013,TootPay.mov,//fast.wistia.net/embed/iframe/2upix98nn2
Asia2013,TradeNet.mov,//fast.wistia.net/embed/iframe/9aqimgi9ue
Asia2013,TSYS.mov,//fast.wistia.net/embed/iframe/yhppsjyrfx
Asia2013,WhiteLabel.mov,//fast.wistia.net/embed/iframe/95v79vduek
Asia2013,Yodlee.mov,//fast.wistia.net/embed/iframe/dd99zl73nj
Asia2012,ayondo.mov,//fast.wistia.net/embed/iframe/84vjh6kncf
Asia2012,Backbase.mov,//fast.wistia.net/embed/iframe/pt9nrro7fn
Asia2012,BankBazaar.mov,//fast.wistia.net/embed/iframe/vyaqqavw9t
Asia2012,BankersLab.mov,//fast.wistia.net/embed/iframe/yh2w5zm8rz
Asia2012,BellaDati.mov,//fast.wistia.net/embed/iframe/kwj7oh0z58
Asia2012,BlinkMobile.mov,//fast.wistia.net/embed/iframe/xcv0t52gx4
Asia2012,CurrencyFair.mov,//fast.wistia.net/embed/iframe/r1av4bc6jv
Asia2012,CustomerXPs.mov,//fast.wistia.net/embed/iframe/w5q08h4uhj
Asia2012,DemystData.mov,//fast.wistia.net/embed/iframe/vfhnf2mcni
Asia2012,EFL.mov,//fast.wistia.net/embed/iframe/iyhhkzeitm
Asia2012,eWise.mov,//fast.wistia.net/embed/iframe/8aiq4263ob
Asia2012,Figlo.mov,//fast.wistia.net/embed/iframe/w3ayndkelo
Asia2012,Finantix.mov,//fast.wistia.net/embed/iframe/2d420364by
Asia2012,Fiserv.mov,//fast.wistia.net/embed/iframe/rkez3mn6t0
Asia2012,Heckyl.mov,//fast.wistia.net/embed/iframe/un1hs012oz
Asia2012,InnovationAgency.mov,//fast.wistia.net/embed/iframe/vmw66ssqd3
Asia2012,InteracctSolutions.mov,//fast.wistia.net/embed/iframe/b8v7v4tjvj
Asia2012,Luminous.mov,//fast.wistia.net/embed/iframe/a57o6xssnk
Asia2012,Metaforic.mov,//fast.wistia.net/embed/iframe/4wr8ztzhae
Asia2012,Pandai.mov,//fast.wistia.net/embed/iframe/qykwnlmny4
Asia2012,PendoSystems.mov,//fast.wistia.net/embed/iframe/kwsmv5zory
Asia2012,Perfectsen.mov,//fast.wistia.net/embed/iframe/2ylupd3jyg
Asia2012,PocketSmith.mov,//fast.wistia.net/embed/iframe/9a2sz2wm35
Asia2012,Sandstone.mov,//fast.wistia.net/embed/iframe/626trc77ws
Asia2012,SmartEngine.mov,//fast.wistia.net/embed/iframe/za6xqjeo3d
Asia2012,SocietyOne.mov,//fast.wistia.net/embed/iframe/yfpni4sar2
Asia2012,Strands.mov,//fast.wistia.net/embed/iframe/s93ml67d0y
Asia2012,Striata.mov,//fast.wistia.net/embed/iframe/wwfjakz3v2
Asia2012,SmartEngine.mov,//fast.wistia.net/embed/iframe/9e0ybcscfn
Asia2012,Tagit.mov,//fast.wistia.net/embed/iframe/9hgggwj0f3
Asia2012,TIBCO.mov,//fast.wistia.net/embed/iframe/yqy98pbbw6
Asia2012,TradeHero.mov,//fast.wistia.net/embed/iframe/e5yan6ssja
Asia2012,UBank.mov,//fast.wistia.net/embed/iframe/7oyngq9qht
Asia2012,Vermillian.mov,//fast.wistia.net/embed/iframe/k3x9nrqwtu
Asia2012,Wipro.mov,//fast.wistia.net/embed/iframe/9h824f1r2l
Asia2012,Zighra.mov,//fast.wistia.net/embed/iframe/1k9r0bxm78
Fall2010,AceHD.mov,//fast.wistia.net/embed/iframe/rwpwvplhkt
Fall2010,ActivePathHD.mov,//fast.wistia.net/embed/iframe/rpb40het3f
Fall2010,BackBaseHD.mov,//fast.wistia.net/embed/iframe/vrxyl09jlr
Fall2010,BettermentHD.mov,//fast.wistia.net/embed/iframe/ad5hljghzy
Fall2010,BillFloatHD.mov,//fast.wistia.net/embed/iframe/i4tgliqksd
Fall2010,BillFloHD.mov,//fast.wistia.net/embed/iframe/bh28stpnq2
Fall2010,BillShrinkHD.mov,//fast.wistia.net/embed/iframe/4dp4ogbbps
Fall2010,BlazeMobileHD.mov,//fast.wistia.net/embed/iframe/jl4su6w898
Fall2010,BlingNationHD.mov,//fast.wistia.net/embed/iframe/g23qgsou19
Fall2010,BundleHD.mov,//fast.wistia.net/embed/iframe/94wlf3c4e2
Fall2010,CanHD.mov,//fast.wistia.net/embed/iframe/hbtn96pd98
Fall2010,CashEdgeHD.mov,//fast.wistia.net/embed/iframe/rgpwcgt9bp
Fall2010,ClairMailHD.mov,//fast.wistia.net/embed/iframe/hbx9fj115v
Fall2010,CreditSesameHD.mov,//fast.wistia.net/embed/iframe/g08sqq9nv0
Fall2010,DynamicsHD.mov,//fast.wistia.net/embed/iframe/oq0m3s4zs0
Fall2010,EmueHD.mov,//fast.wistia.net/embed/iframe/tsi9yydfed
Fall2010,FiservHD.mov,//fast.wistia.net/embed/iframe/i7un57rs7t
Fall2010,FISPaymentsHD.mov,//fast.wistia.net/embed/iframe/gy6hhl5qbe
Fall2010,FISWealthcareHD.mov,//fast.wistia.net/embed/iframe/78mbps95yc
Fall2010,GuardianAnalyticsHD.mov,//fast.wistia.net/embed/iframe/wmid8t4w5k
Fall2010,HiddenLeversHD.mov,//fast.wistia.net/embed/iframe/opufgxji96
Fall2010,HRBlockHD.mov,//fast.wistia.net/embed/iframe/1k2d7xnkzq
Fall2010,IxarisHD.mov,//fast.wistia.net/embed/iframe/0ebyd4bhnh
Fall2010,JackHenryHD.mov,//fast.wistia.net/embed/iframe/dsr7e1ala7
Fall2010,KapitallHD.mov,//fast.wistia.net/embed/iframe/x7qol60cd6
Fall2010,KashooHD.mov,//fast.wistia.net/embed/iframe/xkmksrj5sz
Fall2010,KibooHD.mov,//fast.wistia.net/embed/iframe/x8w5i8kkoa
Fall2010,KonySolutionsHD.mov,//fast.wistia.net/embed/iframe/539v9dp6fx
Fall2010,LeadFusionHD.mov,//fast.wistia.net/embed/iframe/mo2snes80t
Fall2010,MatchFundHD.mov,//fast.wistia.net/embed/iframe/w0c40huowz
Fall2010,MoneyStrandsHD.mov,//fast.wistia.net/embed/iframe/xopt6nej7b
Fall2010,MortgageBotHD.mov,//fast.wistia.net/embed/iframe/7sxa1gfm1f
Fall2010,oFlowsHD.mov,//fast.wistia.net/embed/iframe/cvzbma24r8
Fall2010,OptirateHD.mov,//fast.wistia.net/embed/iframe/9sael94bnr
Fall2010,OutrightHD.mov,//fast.wistia.net/embed/iframe/y0ijf003x1
Fall2010,PageOnceHD.mov,//fast.wistia.net/embed/iframe/23tu5t2ivt
Fall2010,PayNearMeHD.mov,//fast.wistia.net/embed/iframe/r9e96bhxwq
Fall2010,PinpointHD.mov,//fast.wistia.net/embed/iframe/fsmgd5wgba
Fall2010,PlantlyHD.mov,//fast.wistia.net/embed/iframe/01d21b1kko
Fall2010,PlastycHD.mov,//fast.wistia.net/embed/iframe/5df78p0e0p
Fall2010,ReceivablesExchangeHD.mov,//fast.wistia.net/embed/iframe/cs83wg4umj
Fall2010,SapientNitroHD.mov,//fast.wistia.net/embed/iframe/90oteyq67v
Fall2010,SecureKeyHD.mov,//fast.wistia.net/embed/iframe/j1s3qnaoen
Fall2010,SeekingAlphaHD.mov,//fast.wistia.net/embed/iframe/brwbfayd30
Fall2010,SegmintHD.mov,//fast.wistia.net/embed/iframe/cz58d1z6ic
Fall2010,SilverTailHD.mov,//fast.wistia.net/embed/iframe/ppqr1oy5bo
Fall2010,SmartyPigHD.mov,//fast.wistia.net/embed/iframe/j5fprity8h
Fall2010,StandardCharteredHD.mov,//fast.wistia.net/embed/iframe/h37379yx1e
Fall2010,ThwakkHD.mov,//fast.wistia.net/embed/iframe/fw3umb7mox
Fall2010,TouMetisHD.mov,//fast.wistia.net/embed/iframe/5ns3kpxtc8
Fall2010,UnienceHD.mov,//fast.wistia.net/embed/iframe/6nrkjkx3pi
Fall2010,WongaHD.mov,//fast.wistia.net/embed/iframe/covmumcwlt
Fall2010,WorkLightHD.mov,//fast.wistia.net/embed/iframe/dn67ulcvab
Fall2010,YodleeHD.mov,//fast.wistia.net/embed/iframe/huuh5isds0
Fall2011,ACImshiftHD.mov,//fast.wistia.net/embed/iframe/l0o1gwklcy
Fall2011,Activepath_cardlyticsHD.mov,//fast.wistia.net/embed/iframe/fc817x9m4c
Fall2011,AnderaHD.mov,//fast.wistia.net/embed/iframe/quvwbiy5mp
Fall2011,AuthentifyHD.mov,//fast.wistia.net/embed/iframe/woa511mw6a
Fall2011,BackbaseHD.mov,//fast.wistia.net/embed/iframe/8pb72dqyrm
Fall2011,BalanceFinancialHD.mov,//fast.wistia.net/embed/iframe/dzvwajfaeu
Fall2011,BankSimpleHD.mov,//fast.wistia.net/embed/iframe/7z2yxnyblw
Fall2011,BettermentHD.mov,//fast.wistia.net/embed/iframe/2elc1pzn4m
Fall2011,BillGuardHD.mov,//fast.wistia.net/embed/iframe/7ue8elg3nr
Fall2011,BobberHD.mov,//fast.wistia.net/embed/iframe/w02xg623ml
Fall2011,BundleHD.mov,//fast.wistia.net/embed/iframe/ukww1cj0qr
Fall2011,CarryQuoteHD.mov,//fast.wistia.net/embed/iframe/refm22t13t
Fall2011,CarteraHD.mov,//fast.wistia.net/embed/iframe/g1v7g9wvxn
Fall2011,CashStarHD.mov,//fast.wistia.net/embed/iframe/28o6jezjz1
Fall2011,cbancHD.mov,//fast.wistia.net/embed/iframe/y12a3wk1m7
Fall2011,chfmHD.mov,//fast.wistia.net/embed/iframe/btj2p9jo6w
Fall2011,CrealogixHD.mov,//fast.wistia.net/embed/iframe/iwma2fhaws
Fall2011,CreditSesameHD.mov,//fast.wistia.net/embed/iframe/ktyc5uczrv
Fall2011,DeMystHD.mov,//fast.wistia.net/embed/iframe/3iu9xsmjs9
Fall2011,DoughMainHD.mov,//fast.wistia.net/embed/iframe/zar7ouge5g
Fall2011,DynamicsHD.mov,//fast.wistia.net/embed/iframe/fzs6xnv835
Fall2011,EquifaxHD.mov,//fast.wistia.net/embed/iframe/qgsatneksn
Fall2011,etoroHD.mov,//fast.wistia.net/embed/iframe/qgavkxtb4j
Fall2011,ExperianHD.mov,//fast.wistia.net/embed/iframe/ogmjjvdsvv
Fall2011,famzooHD.mov,//fast.wistia.net/embed/iframe/1uehk99u5k
Fall2011,feefightersHD.mov,//fast.wistia.net/embed/iframe/dppgafi2ha
Fall2011,freemoneeHD.mov,//fast.wistia.net/embed/iframe/18tljl43h0
Fall2011,fuzeHD.mov,//fast.wistia.net/embed/iframe/jpadpzqdud
Fall2011,googleHD.mov,//fast.wistia.net/embed/iframe/65w37ihsf0
Fall2011,incommHD.mov,//fast.wistia.net/embed/iframe/grr6x15bp7
Fall2011,indHD.mov,//fast.wistia.net/embed/iframe/26gtvunvb3
Fall2011,JingitHD.mov,//fast.wistia.net/embed/iframe/7pa70uag10
Fall2011,kabbageHD.mov,//fast.wistia.net/embed/iframe/bl106yxxj4
Fall2011,konyHD.mov,//fast.wistia.net/embed/iframe/7wlje4iq90
Fall2011,LearnVestHD.mov,//fast.wistia.net/embed/iframe/hgn7k15c51
Fall2011,lightercapitalHD.mov,//fast.wistia.net/embed/iframe/irtvfu3hpc
Fall2011,mastercardHD.mov,//fast.wistia.net/embed/iframe/18y0t1t3mw
Fall2011,MicronotesHD.mov,//fast.wistia.net/embed/iframe/wgvu73zjb8
Fall2011,miicardHD.mov,//fast.wistia.net/embed/iframe/8gby4facbg
Fall2011,mitekHD.mov,//fast.wistia.net/embed/iframe/2mq25f2enw
Fall2011,modoHD.mov,//fast.wistia.net/embed/iframe/382vccqb84
Fall2011,mootwinHD.mov,//fast.wistia.net/embed/iframe/sazc4yhqxk
Fall2011,MyCyberTwinHD.mov,//fast.wistia.net/embed/iframe/sf21acup5m
Fall2011,OffermaticHD.mov,//fast.wistia.net/embed/iframe/dz1uf26o1m
Fall2011,oFlowsHD.mov,//fast.wistia.net/embed/iframe/rs9lodhcd9
Fall2011,PayNearMeHD.mov,//fast.wistia.net/embed/iframe/u4nmxa1sfp
Fall2011,PersonalCapitalHD.mov,//fast.wistia.net/embed/iframe/0irh6m6c57
Fall2011,PlanwiseHD.mov,//fast.wistia.net/embed/iframe/airfrrvpjc
Fall2011,plastycHD.mov,//fast.wistia.net/embed/iframe/2hghiggs8r
Fall2011,ReadyForZeroHD.mov,//fast.wistia.net/embed/iframe/ehmza8plm9
Fall2011,RebirthHD.mov,//fast.wistia.net/embed/iframe/98sh15l4du
Fall2011,RobotDoughHD.mov,//fast.wistia.net/embed/iframe/l81fi8uwg5
Fall2011,SegmintHD.mov,//fast.wistia.net/embed/iframe/sg4q1cnqll
Fall2011,SigFigHD.mov,//fast.wistia.net/embed/iframe/0r60ok6myi
Fall2011,SwipelyHD.mov,//fast.wistia.net/embed/iframe/y3bxwlh7fi
Fall2011,t8HD.mov,//fast.wistia.net/embed/iframe/1k7ues8nqp
Fall2011,TandemMoneyHD.mov,//fast.wistia.net/embed/iframe/s3mpcggh7t
Fall2011,TransecqHD.mov,//fast.wistia.net/embed/iframe/p2mtxs9q9t
Fall2011,TransparencyHD.mov,//fast.wistia.net/embed/iframe/z4qtur8cz8
Fall2011,WeembaHD.mov,//fast.wistia.net/embed/iframe/kh5eq1bn9d
Fall2011,YodleeHD.mov,//fast.wistia.net/embed/iframe/42j9vpq10z
Fall2012,Actiance.mov,//fast.wistia.net/embed/iframe/vp4fzkwanx
Fall2012,Akamai.mov,//fast.wistia.net/embed/iframe/wxsy5p2k3n
Fall2012,aSpark.mov,//fast.wistia.net/embed/iframe/n1t5pvy93b
Fall2012,Backbase.mov,//fast.wistia.net/embed/iframe/csflyjwikc
Fall2012,Banno.mov,//fast.wistia.net/embed/iframe/lqhj0bi0qc
Fall2012,BCSG.mov,//fast.wistia.net/embed/iframe/6ao5atliz7
Fall2012,Billhighway.mov,//fast.wistia.net/embed/iframe/ylsb2wwc13
Fall2012,BlackhawkNetwork.mov,//fast.wistia.net/embed/iframe/rif7nmy64d
Fall2012,Bolstr.mov,//fast.wistia.net/embed/iframe/vxnjfi1bo0
Fall2012,CachetFinancial.mov,//fast.wistia.net/embed/iframe/ian9bkzmca
Fall2012,CartaWorldwide.mov,//fast.wistia.net/embed/iframe/4her5fizpu
Fall2012,CKMack.mov,//fast.wistia.net/embed/iframe/lacrzf8cim
Fall2012,CommunityLend.mov,//fast.wistia.net/embed/iframe/34d8nm4cmn
Fall2012,CompassPlus.mov,//fast.wistia.net/embed/iframe/6bdfkbf7ok
Fall2012,CreditSesame.mov,//fast.wistia.net/embed/iframe/eqpnw51ua9
Fall2012,Dashlane.mov,//fast.wistia.net/embed/iframe/03taweozrg
Fall2012,DeluxeCorporation.mov,//fast.wistia.net/embed/iframe/sfse3bo26w
Fall2012,DigitalMailer.mov,//fast.wistia.net/embed/iframe/3w67hjry38
Fall2012,Dynamics.mov,//fast.wistia.net/embed/iframe/xdmf4qq04j
Fall2012,Emida.mov,//fast.wistia.net/embed/iframe/qsitlzaw57
Fall2012,eToro.mov,//fast.wistia.net/embed/iframe/y5nwp5etrj
Fall2012,Euronovate.mov,//fast.wistia.net/embed/iframe/xw29n5x6tr
Fall2012,Experian.mov,//fast.wistia.net/embed/iframe/4x31lh4904
Fall2012,Finovera.mov,//fast.wistia.net/embed/iframe/efjs8px1e7
Fall2012,Fiserv.mov,//fast.wistia.net/embed/iframe/vmzgyaiyy1
Fall2012,Handpoint.mov,//fast.wistia.net/embed/iframe/jywz8kf6t3
Fall2012,IBSS.mov,//fast.wistia.net/embed/iframe/yph3w37bpm
Fall2012,IdeonChoice.mov,//fast.wistia.net/embed/iframe/9xnfvfdd12
Fall2012,IDology.mov,//fast.wistia.net/embed/iframe/kglar5d13c
Fall2012,IgniteSales.mov,//fast.wistia.net/embed/iframe/n5i7vr14fc
Fall2012,ImpulseSave.mov,//fast.wistia.net/embed/iframe/nvuu8lpj3f
Fall2012,INDGroup.mov,//fast.wistia.net/embed/iframe/33h6weadw2
Fall2012,Leadfusion.mov,//fast.wistia.net/embed/iframe/xobydcukud
Fall2012,LearnVest.mov,//fast.wistia.net/embed/iframe/s5xdfz5vs2
Fall2012,LinkableNetworks.mov,//fast.wistia.net/embed/iframe/r4hzmup27f
Fall2012,Locaid.mov,//fast.wistia.net/embed/iframe/pg2fwuahj4
Fall2012,Luminous.mov,//fast.wistia.net/embed/iframe/ewhg3delup
Fall2012,Manilla.mov,//fast.wistia.net/embed/iframe/oyk2o30ymx
Fall2012,MoneyDesktop.mov,//fast.wistia.net/embed/iframe/x1ycx8y5ag
Fall2012,MortgageHarmony.mov,//fast.wistia.net/embed/iframe/urp78ma8sj
Fall2012,MShift.mov,//fast.wistia.net/embed/iframe/36f53jc043
Fall2012,Ohpen.mov,//fast.wistia.net/embed/iframe/enof0wza7z
Fall2012,Payfone.mov,//fast.wistia.net/embed/iframe/0kwr7owxxv
Fall2012,PaySimple.mov,//fast.wistia.net/embed/iframe/yeql4fclzw
Fall2012,PayTap.mov,//fast.wistia.net/embed/iframe/r35of043h3
Fall2012,PersonalCapital.mov,//fast.wistia.net/embed/iframe/9009li2krf
Fall2012,PindropSecurity.mov,//fast.wistia.net/embed/iframe/rqtj1c6zpb
Fall2012,PlayMoolah.mov,//fast.wistia.net/embed/iframe/9tu02ivh9k
Fall2012,PreCash.mov,//fast.wistia.net/embed/iframe/965x19cg1u
Fall2012,PrepaidResources.mov,//fast.wistia.net/embed/iframe/4sqlrnc4u5
Fall2012,SecureKey.mov,//fast.wistia.net/embed/iframe/y2zd1p65og
Fall2012,Segmint.mov,//fast.wistia.net/embed/iframe/658c0k5o6f
Fall2012,ShopKeepPOS.mov,//fast.wistia.net/embed/iframe/2awmb9fd2n
Fall2012,Stockr.mov,//fast.wistia.net/embed/iframe/jfxezwlgv2
Fall2012,TheCurrencyCloud.mov,//fast.wistia.net/embed/iframe/0e1jjempaa
Fall2012,ThomsonReuters.mov,//fast.wistia.net/embed/iframe/rkfig0v3zy
Fall2012,TouMetis.mov,//fast.wistia.net/embed/iframe/952i2e6oiw
Fall2012,Truaxis.mov,//fast.wistia.net/embed/iframe/32f5fmkfem
Fall2012,Tuitionio.mov,//fast.wistia.net/embed/iframe/kziv0s1obg
Fall2012,ValidSoft.mov,//fast.wistia.net/embed/iframe/lyjtzpjqrv
Fall2012,VirtualPiggy.mov,//fast.wistia.net/embed/iframe/hoombvif5r
Fall2012,Waspit.mov,//fast.wistia.net/embed/iframe/cwfthsmgkf
Fall2012,Yodlee.mov,//fast.wistia.net/embed/iframe/53wtgrrbbr
Fall2013,AkimboFinancial.mov,//fast.wistia.net/embed/iframe/cwudc8ezhq
Fall2013,Apprenda.mov,//fast.wistia.net/embed/iframe/m5ygucrgwq
Fall2013,authenticID.mov,//fast.wistia.net/embed/iframe/fvig61gfra
Fall2013,authenticID_clean_aperature_info.mov,//fast.wistia.net/embed/iframe/oe1343mwsz
Fall2013,authenticID_no_aperature_info.mov,//fast.wistia.net/embed/iframe/dbjs1qx5w8
Fall2013,Backbase.mov,//fast.wistia.net/embed/iframe/ml14xl85pk
Fall2013,BehavioSec.mov,//fast.wistia.net/embed/iframe/0nj0js7du8
Fall2013,BizEquity.mov,//fast.wistia.net/embed/iframe/6t7q9daylw
Fall2013,BSI.mov,//fast.wistia.net/embed/iframe/46kud4xcfy
Fall2013,CapitalAccessNetwork.mov,//fast.wistia.net/embed/iframe/bz58w4qiyi
Fall2013,Cardlytics.mov,//fast.wistia.net/embed/iframe/wo2ecu5a9d
Fall2013,CoverHound.mov,//fast.wistia.net/embed/iframe/p0kwjepcco
Fall2013,CR2.mov,//fast.wistia.net/embed/iframe/1d8lblc79v
Fall2013,Deluxe_VerifyValid.mov,//fast.wistia.net/embed/iframe/xs1x9ebe2y
Fall2013,DoubleBeam.mov,//fast.wistia.net/embed/iframe/7g9i5p9evk
Fall2013,Dynamics.mov,//fast.wistia.net/embed/iframe/maa2brkr48
Fall2013,FinanceIt.mov,//fast.wistia.net/embed/iframe/damidf51bz
Fall2013,FinancialGuard.mov,//fast.wistia.net/embed/iframe/5ugiged8ff
Fall2013,Finect.mov,//fast.wistia.net/embed/iframe/3kc9cjl4of
Fall2013,Fiserv.mov,//fast.wistia.net/embed/iframe/mj8bbp9ish
Fall2013,FlexScore.mov,//fast.wistia.net/embed/iframe/obbbneery3
Fall2013,FloatMoney.mov,//fast.wistia.net/embed/iframe/bawb2efglc
Fall2013,FutureAdvisor.mov,//fast.wistia.net/embed/iframe/wqxrh02ysx
Fall2013,GMC.mov,//fast.wistia.net/embed/iframe/xyaqbf4913
Fall2013,GuideFinancial.mov,//fast.wistia.net/embed/iframe/p0gqh18xtq
Fall2013,IgniteSales.mov,//fast.wistia.net/embed/iframe/33btnljoll
Fall2013,InnovationAgency.mov,//fast.wistia.net/embed/iframe/9jnrj5xymo
Fall2013,Instabank.mov,//fast.wistia.net/embed/iframe/krsjtosvcb
Fall2013,Interactions.mov,//fast.wistia.net/embed/iframe/3wtqbyuwaz
Fall2013,Jumio.mov,//fast.wistia.net/embed/iframe/u5c47rrjqe
Fall2013,Kofax.mov,//fast.wistia.net/embed/iframe/ffuqwdjxg4
Fall2013,LearnVest.mov,//fast.wistia.net/embed/iframe/tz27k72my8
Fall2013,LighterCapital.mov,//fast.wistia.net/embed/iframe/lh4t1yuttj
Fall2013,Lumesis.mov,//fast.wistia.net/embed/iframe/8c7mcoe5do
Fall2013,Luminous.mov,//fast.wistia.net/embed/iframe/czk1f0cfb1
Fall2013,Manilla.mov,//fast.wistia.net/embed/iframe/0kel4zr0sg
Fall2013,MarketIQ.mov,//fast.wistia.net/embed/iframe/zy6n31hjyb
Fall2013,MasterCard.mov,//fast.wistia.net/embed/iframe/yl9egv27ru
Fall2013,mbank_Accenture.mov,//fast.wistia.net/embed/iframe/3aaiifcali
Fall2013,miiCard.mov,//fast.wistia.net/embed/iframe/8esmkfpa82
Fall2013,Mitek.mov,//fast.wistia.net/embed/iframe/0gwnhnoynx
Fall2013,MoneyDesktop.mov,//fast.wistia.net/embed/iframe/l3wwmrjxxh
Fall2013,MotifInvesting.mov,//fast.wistia.net/embed/iframe/cn75hadiap
Fall2013,NarrativeScience.mov,//fast.wistia.net/embed/iframe/jj5h9a1aq2
Fall2013,Numbrs.mov,//fast.wistia.net/embed/iframe/9yqp2n5ni5
Fall2013,P2PCash.mov,//fast.wistia.net/embed/iframe/e741e1aw7e
Fall2013,PayWith.mov,//fast.wistia.net/embed/iframe/svkkpqt4nl
Fall2013,PhonyInvoices.mov,//fast.wistia.net/embed/iframe/lc8r528yii
Fall2013,Pixeliris.mov,//fast.wistia.net/embed/iframe/amw39k27lg
Fall2013,Place2Give.mov,//fast.wistia.net/embed/iframe/ijhxyv6yd1
Fall2013,QuarterSpot.mov,//fast.wistia.net/embed/iframe/51y12e6fx5
Fall2013,RevolutionCredit.mov,//fast.wistia.net/embed/iframe/1ztifgxwch
Fall2013,SaaSMarkets.mov,//fast.wistia.net/embed/iframe/z2y4zjedo2
Fall2013,SavedPlus.mov,//fast.wistia.net/embed/iframe/sfgx9x1opl
Fall2013,SimplyVerity.mov,//fast.wistia.net/embed/iframe/irm4j4g8b9
Fall2013,Socure.mov,//fast.wistia.net/embed/iframe/k5oduwkqxf
Fall2013,SpearFysh.mov,//fast.wistia.net/embed/iframe/8i1zdhwrl9
Fall2013,Spreedly.mov,//fast.wistia.net/embed/iframe/h0q99uekpx
Fall2013,StrategyCorps.mov,//fast.wistia.net/embed/iframe/na0d2trz20
Fall2013,ThinkFinance.mov,//fast.wistia.net/embed/iframe/1222y22by7
Fall2013,TinkoffCreditSystems.mov,//fast.wistia.net/embed/iframe/m0b4trzst4
Fall2013,TipRanks.mov,//fast.wistia.net/embed/iframe/hvucnt23gx
Fall2013,Toopher.mov,//fast.wistia.net/embed/iframe/tg7wwpknsn
Fall2013,Unleash.mov,//fast.wistia.net/embed/iframe/ll6m14fpdr
Fall2013,Versafe.mov,//fast.wistia.net/embed/iframe/5yxp9fp7gr
Fall2013,WordSentry.mov,//fast.wistia.net/embed/iframe/d5p17pvwu1
Fall2013,Yodlee.mov,//fast.wistia.net/embed/iframe/8kx3yl6f1v
Fall2013,Yseop.mov,//fast.wistia.net/embed/iframe/r2jjacqn4s
Fall2013,Zenmonics.mov,//fast.wistia.net/embed/iframe/fxk3ep0k7a
Fall2013,Zighra.mov,//fast.wistia.net/embed/iframe/9o94hxs181
Fall2013,Zooz.mov,//fast.wistia.net/embed/iframe/8lz07xap7t
Spring2010,Backbase.mov,//fast.wistia.net/embed/iframe/6u6w9tu7nd
Spring2010,Bill.mov,//fast.wistia.net/embed/iframe/7ipu1noqjs
Spring2010,Billeo.mov,//fast.wistia.net/embed/iframe/kbqwfkxx3d
Spring2010,Blippy.mov,//fast.wistia.net/embed/iframe/rxskgrsdir
Spring2010,Bobber.mov,//fast.wistia.net/embed/iframe/cyuas6870i
Spring2010,Bobber.mov,//fast.wistia.net/embed/iframe/25udsu3kwe
Spring2010,CCM.mov,//fast.wistia.net/embed/iframe/w5qa499t17
Spring2010,ContinuityControl.mov,//fast.wistia.net/embed/iframe/czu2pf03ak
Spring2010,Controlabill.mov,//fast.wistia.net/embed/iframe/uw0c8htdl9
Spring2010,Cortera.mov,//fast.wistia.net/embed/iframe/wlnyayl7dw
Spring2010,DebtGoal.mov,//fast.wistia.net/embed/iframe/pjthdh9ydr
Spring2010,eRollover.mov,//fast.wistia.net/embed/iframe/a4ioygzf1c
Spring2010,Expensify.mov,//fast.wistia.net/embed/iframe/4sz22bb4qc
Spring2010,Fiserv.mov,//fast.wistia.net/embed/iframe/g2h38kt3o8
Spring2010,FTRANS.mov,//fast.wistia.net/embed/iframe/jvaa7rtkd8
Spring2010,Goalmine.mov,//fast.wistia.net/embed/iframe/5xdxs2ll5w
Spring2010,Ideon.mov,//fast.wistia.net/embed/iframe/d6g3xg04tq
Spring2010,Jemstep.mov,//fast.wistia.net/embed/iframe/rywyq9hzer
Spring2010,Kabbage.mov,//fast.wistia.net/embed/iframe/bs0363yk1j
Spring2010,Liqpay.mov,//fast.wistia.net/embed/iframe/8l84zjvbzj
Spring2010,Mint.mov,//fast.wistia.net/embed/iframe/tf7mk3rbn3
Spring2010,MoneyAisle.mov,//fast.wistia.net/embed/iframe/e2yvbqiwfr
Spring2010,Mpower.mov,//fast.wistia.net/embed/iframe/4jcoywgwic
Spring2010,oFlows.mov,//fast.wistia.net/embed/iframe/wyqr72bmf7
Spring2010,Pageonce.mov,//fast.wistia.net/embed/iframe/zlxa3eel5x
Spring2010,PointOfWealth.mov,//fast.wistia.net/embed/iframe/43rc6abker
Spring2010,RiskKey.mov,//fast.wistia.net/embed/iframe/pfjck41ieo
Spring2010,SafetyPay.mov,//fast.wistia.net/embed/iframe/vaq633uyk6
Spring2010,Segmint.mov,//fast.wistia.net/embed/iframe/jxrkhjnylf
Spring2010,SilverTail.mov,//fast.wistia.net/embed/iframe/96pjoxrtfc
Spring2010,SmartCredit.mov,//fast.wistia.net/embed/iframe/l60oyf1e2t
Spring2010,TSYS.mov,//fast.wistia.net/embed/iframe/g99qyduhw2
Spring2010,Ubank.mov,//fast.wistia.net/embed/iframe/j3vtrcawta
Spring2010,VISA.mov,//fast.wistia.net/embed/iframe/vrwupmme0o
Spring2010,Wikiinvest.mov,//fast.wistia.net/embed/iframe/t9hv6l45rr
Spring2010,WorkLight.mov,//fast.wistia.net/embed/iframe/20n94sn1wr
Spring2010,Zendough.mov,//fast.wistia.net/embed/iframe/tod1lnj7ez
Spring2011,Adobe.mov,//fast.wistia.net/embed/iframe/5oc6r7199v
Spring2011,Afiniate.mov,//fast.wistia.net/embed/iframe/ckky5r5zgu
Spring2011,AptysSolutions.mov,//fast.wistia.net/embed/iframe/uptk5dxywi
Spring2011,Arroweye.mov,//fast.wistia.net/embed/iframe/43s5nns9zv
Spring2011,Backbase.mov,//fast.wistia.net/embed/iframe/gk2lk512wa
Spring2011,Balance.mov,//fast.wistia.net/embed/iframe/obaa6qhwi3
Spring2011,BancBox.mov,//fast.wistia.net/embed/iframe/9x01ldi3w7
Spring2011,BancVue.mov,//fast.wistia.net/embed/iframe/fvybyjomfb
Spring2011,Bankons.mov,//fast.wistia.net/embed/iframe/23ob038prf
Spring2011,Bill.mov,//fast.wistia.net/embed/iframe/u14mlfcxb9
Spring2011,Billeo.mov,//fast.wistia.net/embed/iframe/5j56l8w78p
Spring2011,BillFloat.mov,//fast.wistia.net/embed/iframe/8hp64veefk
Spring2011,Bills.mov,//fast.wistia.net/embed/iframe/kq5jdlvvbx
Spring2011,BillShrink.mov,//fast.wistia.net/embed/iframe/lfeblrn2xy
Spring2011,Braintree.mov,//fast.wistia.net/embed/iframe/tyhtfrx13c
Spring2011,Bundle.mov,//fast.wistia.net/embed/iframe/ij3qhr9158
Spring2011,ChargeSmart.mov,//fast.wistia.net/embed/iframe/uv08j2fvyo
Spring2011,ClovrMedia.mov,//fast.wistia.net/embed/iframe/92wp6y7w9s
Spring2011,CodeGreen.mov,//fast.wistia.net/embed/iframe/a8h25u4kqt
Spring2011,Corduro.mov,//fast.wistia.net/embed/iframe/rv0vp0r1ab
Spring2011,Currensee.mov,//fast.wistia.net/embed/iframe/iptes7crr5
Spring2011,doxo.mov,//fast.wistia.net/embed/iframe/eloevx9w4k
Spring2011,Dwolla.mov,//fast.wistia.net/embed/iframe/ev4zotobpb
Spring2011,edo.mov,//fast.wistia.net/embed/iframe/8ztadwp2a3
Spring2011,Enloop.mov,//fast.wistia.net/embed/iframe/7ntpicl2i8
Spring2011,eWise.mov,//fast.wistia.net/embed/iframe/t6m1232cxl
Spring2011,Expensify.mov,//fast.wistia.net/embed/iframe/le7a89hq5i
Spring2011,Experian.mov,//fast.wistia.net/embed/iframe/i24qv18ym2
Spring2011,Figlo.mov,//fast.wistia.net/embed/iframe/4l2n1whgmk
Spring2011,FreeMonee.mov,//fast.wistia.net/embed/iframe/aly5ezfv4m
Spring2011,GoalMine.mov,//fast.wistia.net/embed/iframe/8buw0tr3gt
Spring2011,GoldBullion.mov,//fast.wistia.net/embed/iframe/vkchi9905j
Spring2011,HelloWallet.mov,//fast.wistia.net/embed/iframe/bt4h9c0lep
Spring2011,Hoyos.mov,//fast.wistia.net/embed/iframe/tk68zgu25p
Spring2011,IdAnalytics.mov,//fast.wistia.net/embed/iframe/0y94apgneh
Spring2011,Ideon.mov,//fast.wistia.net/embed/iframe/p10sp2v4hc
Spring2011,Intellaegis.mov,//fast.wistia.net/embed/iframe/hiej109h64
Spring2011,Kabbage.mov,//fast.wistia.net/embed/iframe/0gnghktzeg
Spring2011,Kiboo.mov,//fast.wistia.net/embed/iframe/vicxkgxaw3
Spring2011,Kony.mov,//fast.wistia.net/embed/iframe/2vds9h9cqf
Spring2011,Lendio.mov,//fast.wistia.net/embed/iframe/2r4gl4f24d
Spring2011,LendStreet.mov,//fast.wistia.net/embed/iframe/gg853y03gt
Spring2011,Liqpay.mov,//fast.wistia.net/embed/iframe/otdyejiai7
Spring2011,Mint.mov,//fast.wistia.net/embed/iframe/4gn2yyvep0
Spring2011,MitekSystems.mov,//fast.wistia.net/embed/iframe/t57ixz8shd
Spring2011,MyBankTracker.mov,//fast.wistia.net/embed/iframe/nxiorihtc1
Spring2011,oFlows.mov,//fast.wistia.net/embed/iframe/6kflzhoxlx
Spring2011,OpenCuro.mov,//fast.wistia.net/embed/iframe/iv7bvya93n
Spring2011,Openfinance.mov,//fast.wistia.net/embed/iframe/vl2q5wuzzd
Spring2011,PayDivvy.mov,//fast.wistia.net/embed/iframe/ogcpxnrgmm
Spring2011,PayNearMe.mov,//fast.wistia.net/embed/iframe/ulba1myp9h
Spring2011,PayPal.mov,//fast.wistia.net/embed/iframe/nx62w2ck4w
Spring2011,peerTransfer.mov,//fast.wistia.net/embed/iframe/463day2ahm
Spring2011,ProfitStars.mov,//fast.wistia.net/embed/iframe/792xrjg461
Spring2011,Q2ebanking.mov,//fast.wistia.net/embed/iframe/m00ijbnyef
Spring2011,ReadyReceipts.mov,//fast.wistia.net/embed/iframe/714iqthhpb
Spring2011,RobotDough.mov,//fast.wistia.net/embed/iframe/o5v6oh6nce
Spring2011,SilverTail.mov,//fast.wistia.net/embed/iframe/2dmqbhwaqp
Spring2011,TILEfinancial.mov,//fast.wistia.net/embed/iframe/j4hdohb52w
Spring2011,TrustedID.mov,//fast.wistia.net/embed/iframe/v672qcvkm4
Spring2011,Wikiinvest.mov,//fast.wistia.net/embed/iframe/3udlez0nc9
Spring2011,WiproTech.mov,//fast.wistia.net/embed/iframe/e5kitbmfa3
Spring2011,Xero.mov,//fast.wistia.net/embed/iframe/xfo6dyyoqz
Spring2012,AccessDevelopment.mov,//fast.wistia.net/embed/iframe/3pjz9n74fx
Spring2012,Actiance.mov,//fast.wistia.net/embed/iframe/qzi10xnmv9
Spring2012,AffinitySolutions.mov,//fast.wistia.net/embed/iframe/rjl30t8fvo
Spring2012,ApplauseLearning.mov,//fast.wistia.net/embed/iframe/dvohbkm3qd
Spring2012,BalanceStreet.mov,//fast.wistia.net/embed/iframe/5itk72cil0
Spring2012,BancBox.mov,//fast.wistia.net/embed/iframe/26zres7n46
Spring2012,BankersLab.mov,//fast.wistia.net/embed/iframe/0llwshexja
Spring2012,BazaarVoice.mov,//fast.wistia.net/embed/iframe/z8qv06tmfr
Spring2012,BehavioSec.mov,//fast.wistia.net/embed/iframe/yg359qio8i
Spring2012,Bill.mov,//fast.wistia.net/embed/iframe/5xnnkuf3x7
Spring2012,BillGuard.mov,//fast.wistia.net/embed/iframe/13drm036ox
Spring2012,BusinessIQ.mov,//fast.wistia.net/embed/iframe/2vpnntzsyl
Spring2012,Cachet.mov,//fast.wistia.net/embed/iframe/bngac7opmu
Spring2012,Cardlytics.mov,//fast.wistia.net/embed/iframe/9fxebpuz8f
Spring2012,Clover.mov,//fast.wistia.net/embed/iframe/nirwdob4hh
Spring2012,CoverHound.mov,//fast.wistia.net/embed/iframe/qpovpvoqpk
Spring2012,DCisions.mov,//fast.wistia.net/embed/iframe/4qdvb6dx9p
Spring2012,DeviceFidelity.mov,//fast.wistia.net/embed/iframe/51ttp4418u
Spring2012,Dwolla.mov,//fast.wistia.net/embed/iframe/02n5e162md
Spring2012,Dynamics.mov,//fast.wistia.net/embed/iframe/a8qnlp98gn
Spring2012,eDeposit.mov,//fast.wistia.net/embed/iframe/km0akufiqa
Spring2012,edo.mov,//fast.wistia.net/embed/iframe/0uuz55otvl
Spring2012,Expensify.mov,//fast.wistia.net/embed/iframe/qn09aj91tm
Spring2012,Flint.mov,//fast.wistia.net/embed/iframe/1j9fkmpznp
Spring2012,FutureAdvisor.mov,//fast.wistia.net/embed/iframe/3y2179w6d1
Spring2012,Giftly.mov,//fast.wistia.net/embed/iframe/hegfg0q00f
Spring2012,GlobalVCard.mov,//fast.wistia.net/embed/iframe/nbj52bpzx2
Spring2012,InStream.mov,//fast.wistia.net/embed/iframe/kqlh7s4szs
Spring2012,ipcommerce.mov,//fast.wistia.net/embed/iframe/8t70gw0fve
Spring2012,iQuantifi.mov,//fast.wistia.net/embed/iframe/kyjutu1h9z
Spring2012,Kabbage.mov,//fast.wistia.net/embed/iframe/qkg1aizbid
Spring2012,Keynote.mov,//fast.wistia.net/embed/iframe/a8gutnhpnp
Spring2012,Klarna.mov,//fast.wistia.net/embed/iframe/y9fs808sbh
Spring2012,Kuspit.mov,//fast.wistia.net/embed/iframe/8vlqsngqwh
Spring2012,LinkableNetworks.mov,//fast.wistia.net/embed/iframe/k2s6cwwgsg
Spring2012,MitekSystems.mov,//fast.wistia.net/embed/iframe/49ia7s9tbb
Spring2012,MoneyDesktop.mov,//fast.wistia.net/embed/iframe/gy8shrp0ec
Spring2012,mShift.mov,//fast.wistia.net/embed/iframe/q7ztfp30qk
Spring2012,NICE.mov,//fast.wistia.net/embed/iframe/ip9ugwcmn5
Spring2012,NomisSolutions.mov,//fast.wistia.net/embed/iframe/0eo259q9sq
Spring2012,OnDeck.mov,//fast.wistia.net/embed/iframe/c49thrv3cw
Spring2012,PaySimple.mov,//fast.wistia.net/embed/iframe/0axnx95gqg
Spring2012,PersonalCapital.mov,//fast.wistia.net/embed/iframe/8rhxznua3n
Spring2012,Pindrop.mov,//fast.wistia.net/embed/iframe/5bquk9ptf0
Spring2012,Portfolio.mov,//fast.wistia.net/embed/iframe/mqxbzy0bly
Spring2012,ProfitStars.mov,//fast.wistia.net/embed/iframe/3dpsn087fb
Spring2012,SaveUp.mov,//fast.wistia.net/embed/iframe/cp3wfu77jp
Spring2012,ServersideGroup.mov,//fast.wistia.net/embed/iframe/r9dlkwalmg
Spring2012,SilverTail.mov,//fast.wistia.net/embed/iframe/k2n6tyf3gq
Spring2012,smartexpense.mov,//fast.wistia.net/embed/iframe/2oc8f1swm3
Spring2012,SocialMoney.mov,//fast.wistia.net/embed/iframe/witv1a0nf1
Spring2012,SoMoLend.mov,//fast.wistia.net/embed/iframe/5n6x9yf11q
Spring2012,Swipely.mov,//fast.wistia.net/embed/iframe/bsl8sizyeb
Spring2012,Tascet.mov,//fast.wistia.net/embed/iframe/sk604oy5w7
Spring2012,Taulia.mov,//fast.wistia.net/embed/iframe/qz158ey70w
Spring2012,ThomsonReuters.mov,//fast.wistia.net/embed/iframe/ncf5bgabbv
Spring2012,TioMobilePay.mov,//fast.wistia.net/embed/iframe/6c06xe9pvc
Spring2012,TransparencyLabs.mov,//fast.wistia.net/embed/iframe/jmaaeqtkoz
Spring2012,VirtualPiggy.mov,//fast.wistia.net/embed/iframe/h2vtyls0bm
Spring2012,WallStreetSurvivor.mov,//fast.wistia.net/embed/iframe/16lhjcnroe
Spring2012,WattzOn.mov,//fast.wistia.net/embed/iframe/m2ivhbpw3f
Spring2012,Wipit.mov,//fast.wistia.net/embed/iframe/2couqgegkh
Spring2012,ZipZap.mov,//fast.wistia.net/embed/iframe/dby1snzxpi
Spring2013,Adobe.mov,//fast.wistia.net/embed/iframe/zoz56eofx6
Spring2013,AlliedPayment.mov,//fast.wistia.net/embed/iframe/4x0n0aoz3g
Spring2013,Arxan.mov,//fast.wistia.net/embed/iframe/k4x316909h
Spring2013,AuthenticID.mov,//fast.wistia.net/embed/iframe/brl2qayq1r
Spring2013,BalanceFinancial.mov,//fast.wistia.net/embed/iframe/kdytvkk41v
Spring2013,Banno.mov,//fast.wistia.net/embed/iframe/57r40rln7m
Spring2013,BBCEasy.mov,//fast.wistia.net/embed/iframe/blpcs26185
Spring2013,betteratmservices.mov,//fast.wistia.net/embed/iframe/yrrwcwavwr
Spring2013,Braintree.mov,//fast.wistia.net/embed/iframe/e6wiesbkzh
Spring2013,BrightFunds.mov,//fast.wistia.net/embed/iframe/owx5xn1wnh
Spring2013,CardFlight.mov,//fast.wistia.net/embed/iframe/dkks0k0aci
Spring2013,Corduro.mov,//fast.wistia.net/embed/iframe/9bwtez39j8
Spring2013,CreditSesame.mov,//fast.wistia.net/embed/iframe/bch5lorkz0
Spring2013,Curaxian.mov,//fast.wistia.net/embed/iframe/k9b5anb3rl
Spring2013,Cymonz.mov,//fast.wistia.net/embed/iframe/xw6emx57y9
Spring2013,Encap.mov,//fast.wistia.net/embed/iframe/7krvc97joe
Spring2013,Escardgot.mov,//fast.wistia.net/embed/iframe/btdxin177i
Spring2013,Expensify.mov,//fast.wistia.net/embed/iframe/0o5yur82tx
Spring2013,EyeVerify.mov,//fast.wistia.net/embed/iframe/h842hyd0qy
Spring2013,FamZoo.mov,//fast.wistia.net/embed/iframe/69pfqnwkvq
Spring2013,Finect.mov,//fast.wistia.net/embed/iframe/bhjc49r3r4
Spring2013,Finovera.mov,//fast.wistia.net/embed/iframe/d8g467hq25
Spring2013,FIS.mov,//fast.wistia.net/embed/iframe/cnlwzf1dhy
Spring2013,Fiserv.mov,//fast.wistia.net/embed/iframe/wu325962z1
Spring2013,FlexScore.mov,//fast.wistia.net/embed/iframe/ox6r7frvjq
Spring2013,GoBank.mov,//fast.wistia.net/embed/iframe/mxsbwga9mf
Spring2013,GoNow.mov,//fast.wistia.net/embed/iframe/on6wbvgogn
Spring2013,GoodApril.mov,//fast.wistia.net/embed/iframe/efxs13rm0p
Spring2013,Gremln.mov,//fast.wistia.net/embed/iframe/lezhl3u4ti
Spring2013,IBSS.mov,//fast.wistia.net/embed/iframe/8aasbib81t
Spring2013,IntelliResponse.mov,//fast.wistia.net/embed/iframe/avk07mrcay
Spring2013,Intuit.mov,//fast.wistia.net/embed/iframe/oaa81l9z3m
Spring2013,invoiceASAP.mov,//fast.wistia.net/embed/iframe/qzm5on5dvl
Spring2013,Jemstep.mov,//fast.wistia.net/embed/iframe/jqtgv0flvy
Spring2013,Kabbage.mov,//fast.wistia.net/embed/iframe/hc5n30ryle
Spring2013,Kofax.mov,//fast.wistia.net/embed/iframe/kb0gjxmjf6
Spring2013,Leaf.mov,//fast.wistia.net/embed/iframe/xrz8gtputq
Spring2013,LeapScore.mov,//fast.wistia.net/embed/iframe/rzhrt0savt
Spring2013,LendUp.mov,//fast.wistia.net/embed/iframe/t85h8e736x
Spring2013,LICUOS.mov,//fast.wistia.net/embed/iframe/af9i4t2p7h
Spring2013,LivePlan.mov,//fast.wistia.net/embed/iframe/ycrmqailj5
Spring2013,LodoSoftware.mov,//fast.wistia.net/embed/iframe/0kwv9i02db
Spring2013,Micronotes.mov,//fast.wistia.net/embed/iframe/4akn8d4faz
Spring2013,MicroStrategy.mov,//fast.wistia.net/embed/iframe/gmvwp4u129
Spring2013,MoneyDesktop.mov,//fast.wistia.net/embed/iframe/szvrvc2ms6
Spring2013,MortgageHarmony.mov,//fast.wistia.net/embed/iframe/nptg8qpqql
Spring2013,Moven.mov,//fast.wistia.net/embed/iframe/6upgulntkf
Spring2013,NarrativeScience.mov,//fast.wistia.net/embed/iframe/41jw86ajmq
Spring2013,NICE.mov,//fast.wistia.net/embed/iframe/pv7n4e3axu
Spring2013,OneID.mov,//fast.wistia.net/embed/iframe/ll0qsq9te4
Spring2013,OpenCoin.mov,//fast.wistia.net/embed/iframe/cd8nllowes
Spring2013,P2Binvestor.mov,//fast.wistia.net/embed/iframe/0uy6lgqt7s
Spring2013,PayNearMe.mov,//fast.wistia.net/embed/iframe/ke6koy2seo
Spring2013,Persint.mov,//fast.wistia.net/embed/iframe/87rmv475j4
Spring2013,Placecast.mov,//fast.wistia.net/embed/iframe/mi958qnlwo
Spring2013,Plastyc.mov,//fast.wistia.net/embed/iframe/p3lui09pn0
Spring2013,Prestadero.mov,//fast.wistia.net/embed/iframe/ve479dszk6
Spring2013,Quantopian.mov,//fast.wistia.net/embed/iframe/eklzaa8mpk
Spring2013,RealtyMogul.mov,//fast.wistia.net/embed/iframe/bd2tk73s5s
Spring2013,Refundo.mov,//fast.wistia.net/embed/iframe/mkygpvnr2o
Spring2013,SeedInvest.mov,//fast.wistia.net/embed/iframe/pyzcguujh2
Spring2013,Signifyd.mov,//fast.wistia.net/embed/iframe/01iz4q4i0a
Spring2013,TipRanks.mov,//fast.wistia.net/embed/iframe/ozfahwg7gd
Spring2013,Tradeslide.mov,//fast.wistia.net/embed/iframe/1ylofaveha
Spring2013,TrustedKnight.mov,//fast.wistia.net/embed/iframe/0ygg06g7o3
Spring2013,TrustEgg.mov,//fast.wistia.net/embed/iframe/m4o23djrxh
Spring2013,TSYS.mov,//fast.wistia.net/embed/iframe/b2qsy39qfa
Spring2013,ValidSoft.mov,//fast.wistia.net/embed/iframe/lzev6d2aa3
Spring2013,VirtualPiggy.mov,//fast.wistia.net/embed/iframe/6z7h5kbcpf
Spring2013,Wallaby.mov,//fast.wistia.net/embed/iframe/7tq1c2hbwx
Spring2013,Yandex.mov,//fast.wistia.net/embed/iframe/hepwi9j5ur
Spring2013,Yseop.mov,//fast.wistia.net/embed/iframe/5j0pf9k2jo
Spring2013,Zooz.mov,//fast.wistia.net/embed/iframe/aptxdu0pd2
Europe2011,AcceptEmail.mov,//fast.wistia.net/embed/iframe/3duxe6uo49
Europe2011,Backbase.mov,//fast.wistia.net/embed/iframe/nqdxto389t
Europe2011,Boku.mov,//fast.wistia.net/embed/iframe/dnnda28ou9
Europe2011,BusinessForensics.mov,//fast.wistia.net/embed/iframe/33kwj7gtdu
Europe2011,CapitalAccessNetworks.mov,//fast.wistia.net/embed/iframe/wym2hoe6ie
Europe2011,Cardlytics.mov,//fast.wistia.net/embed/iframe/zsxsuu8c1j
Europe2011,Cortal_Consors.mov,//fast.wistia.net/embed/iframe/sely26xinw
Europe2011,eToro.mov,//fast.wistia.net/embed/iframe/05i2hrprcs
Europe2011,eWise.mov,//fast.wistia.net/embed/iframe/lo9on344x8
Europe2011,Fidor.mov,//fast.wistia.net/embed/iframe/zig0i0yrsx
Europe2011,Figlo.mov,//fast.wistia.net/embed/iframe/qeh11q4ktm
Europe2011,Finantix.mov,//fast.wistia.net/embed/iframe/pbfxom3a0n
Europe2011,Friends_Clear.mov,//fast.wistia.net/embed/iframe/rjde2h7zkp
Europe2011,HelpMyCash.mov,//fast.wistia.net/embed/iframe/e5qtfsyavl
Europe2011,IND.mov,//fast.wistia.net/embed/iframe/rww0yj274g
Europe2011,Ixaris.mov,//fast.wistia.net/embed/iframe/8n04o28d8d
Europe2011,Linxo.mov,//fast.wistia.net/embed/iframe/1kxk627vtr
Europe2011,Liqpay.mov,//fast.wistia.net/embed/iframe/k8lju9m9p8
Europe2011,Lodo_Software.mov,//fast.wistia.net/embed/iframe/u9fovy1dv0
Europe2011,lovemoney.mov,//fast.wistia.net/embed/iframe/rdcl3niko3
Europe2011,Meniga.mov,//fast.wistia.net/embed/iframe/un8fzn6a04
Europe2011,MiiCard.mov,//fast.wistia.net/embed/iframe/e4tlehm4ql
Europe2011,MPOWER_Mobile.mov,//fast.wistia.net/embed/iframe/emd6ww9uep
Europe2011,NCore_Systems.mov,//fast.wistia.net/embed/iframe/7mkd3injcn
Europe2011,SecureKey.mov,//fast.wistia.net/embed/iframe/04r85ww9no
Europe2011,Silver_Tail.mov,//fast.wistia.net/embed/iframe/yfbxsqyf1d
Europe2011,SolidPass.mov,//fast.wistia.net/embed/iframe/9se8cd9sw2
Europe2011,StockTwits.mov,//fast.wistia.net/embed/iframe/9bp6nz8gzh
Europe2011,Strands.mov,//fast.wistia.net/embed/iframe/qpyltprism
Europe2011,Striata.mov,//fast.wistia.net/embed/iframe/e2khwvi6j8
Europe2011,Voice_Commerce.mov,//fast.wistia.net/embed/iframe/7q4qhq8640
Europe2011,Xero.mov,//fast.wistia.net/embed/iframe/xlda36amd3
Europe2011,Yodlee.mov,//fast.wistia.net/embed/iframe/wp201q5f0b
Europe2012,AcceptEmail.mov,//fast.wistia.net/embed/iframe/1oe6sz822n
Europe2012,Actiance.mov,//fast.wistia.net/embed/iframe/bzncsgryvn
Europe2012,Backbase.mov,//fast.wistia.net/embed/iframe/k9zn3lrn40
Europe2012,BCSG.mov,//fast.wistia.net/embed/iframe/jgw17w9ybl
Europe2012,Cardlytics.mov,//fast.wistia.net/embed/iframe/az4rnkf36y
Europe2012,CurrencyFair.mov,//fast.wistia.net/embed/iframe/3aj80ox5zd
Europe2012,DCisions.mov,//fast.wistia.net/embed/iframe/ezgmb3oq8q
Europe2012,Dynamics.mov,//fast.wistia.net/embed/iframe/i6qu493us3
Europe2012,eToro.mov,//fast.wistia.net/embed/iframe/wtnaj7d0no
Europe2012,Etronika.mov,//fast.wistia.net/embed/iframe/itkx9co4j1
Europe2012,Fenergo.mov,//fast.wistia.net/embed/iframe/rqvmwwqzkd
Europe2012,Figlo.mov,//fast.wistia.net/embed/iframe/we37lowih4
Europe2012,Finsphere.mov,//fast.wistia.net/embed/iframe/n7y3axv5yh
Europe2012,Fiserv.mov,//fast.wistia.net/embed/iframe/xfstahgzz6
Europe2012,Handpoint.mov,//fast.wistia.net/embed/iframe/4f8huywd1k
Europe2012,Holvi.mov,//fast.wistia.net/embed/iframe/89afama8kw
Europe2012,iBrokr.mov,//fast.wistia.net/embed/iframe/e3vbie4aan
Europe2012,INDGroup.mov,//fast.wistia.net/embed/iframe/7xeneqkrss
Europe2012,Ixaris.mov,//fast.wistia.net/embed/iframe/bxspyje3g9
Europe2012,Kabbage.mov,//fast.wistia.net/embed/iframe/hf86c59iz8
Europe2012,Liqpay.mov,//fast.wistia.net/embed/iframe/xcrl3k3tar
Europe2012,Luup.mov,//fast.wistia.net/embed/iframe/ufuyflyeti
Europe2012,Meniga.mov,//fast.wistia.net/embed/iframe/yev4hdfk95
Europe2012,miiCard.mov,//fast.wistia.net/embed/iframe/zx0mn0q5yq
Europe2012,Mootwin.mov,//fast.wistia.net/embed/iframe/r98tt0w5hr
Europe2012,Nutmeg.mov,//fast.wistia.net/embed/iframe/0tur6z75xf
Europe2012,PayPal.mov,//fast.wistia.net/embed/iframe/7gwctrynfr
Europe2012,PingIdentity.mov,//fast.wistia.net/embed/iframe/9nnbyxn5lh
Europe2012,Sandstone.mov,//fast.wistia.net/embed/iframe/5s3ii2kzmy
Europe2012,Serverside.mov,//fast.wistia.net/embed/iframe/1c6wvllldx
Europe2012,Service2Media.mov,//fast.wistia.net/embed/iframe/22jl9jmped
Europe2012,Striata.mov,//fast.wistia.net/embed/iframe/5pzyaojlcf
Europe2012,TradeShift.mov,//fast.wistia.net/embed/iframe/2hq0zf5ztd
Europe2012,ValidSoft.mov,//fast.wistia.net/embed/iframe/gaf3u8wnl0
Europe2012,Wipro.mov,//fast.wistia.net/embed/iframe/15spxnb232
Europe2013,AcuitySystems.mov,//fast.wistia.net/embed/iframe/5wwnsp3yfr
Europe2013,additiv.mov,//fast.wistia.net/embed/iframe/525mt3befz
Europe2013,Akamai.mov,//fast.wistia.net/embed/iframe/va1fyk41i5
Europe2013,ayondo.mov,//fast.wistia.net/embed/iframe/lbpbgw6o6d
Europe2013,Azimo.mov,//fast.wistia.net/embed/iframe/0voza0o52b
Europe2013,Backbase.mov,//fast.wistia.net/embed/iframe/7rj2579ie5
Europe2013,BBVA.mov,//fast.wistia.net/embed/iframe/1kpv34fdeh
Europe2013,Biletu.mov,//fast.wistia.net/embed/iframe/sb59543qtd
Europe2013,Birdback.mov,//fast.wistia.net/embed/iframe/ppo8zjhvcp
Europe2013,BorseGo.mov,//fast.wistia.net/embed/iframe/tvp3vi2wdh
Europe2013,Cardlytics.mov,//fast.wistia.net/embed/iframe/w92n5y7s1w
Europe2013,Comarch.mov,//fast.wistia.net/embed/iframe/bzm21o41q4
Europe2013,CR2.mov,//fast.wistia.net/embed/iframe/z86pzttahl
Europe2013,CreditAgricole.mov,//fast.wistia.net/embed/iframe/7jvy23ecpx
Europe2013,CurrencyFair.mov,//fast.wistia.net/embed/iframe/0pe0wh3746
Europe2013,Dashlane.mov,//fast.wistia.net/embed/iframe/ye89g5eurr
Europe2013,Deviceldent.mov,//fast.wistia.net/embed/iframe/rhx6fqauog
Europe2013,Dynamics.mov,//fast.wistia.net/embed/iframe/nuyy2wylwe
Europe2013,ERN.mov,//fast.wistia.net/embed/iframe/wx9etnldho
Europe2013,ETRONIKA.mov,//fast.wistia.net/embed/iframe/phfmt8kxay
Europe2013,eWise.mov,//fast.wistia.net/embed/iframe/p2rclvijo0
Europe2013,eyeOpen.mov,//fast.wistia.net/embed/iframe/m4lk5pqvh1
Europe2013,EZBOB.mov,//fast.wistia.net/embed/iframe/1m6v1i3uo4
Europe2013,FinancialSimplicity.mov,//fast.wistia.net/embed/iframe/94d609gc2h
Europe2013,Finantix.mov,//fast.wistia.net/embed/iframe/zl09weuyac
Europe2013,Fiserv.mov,//fast.wistia.net/embed/iframe/44wifalrbj
Europe2013,FiveDegrees.mov,//fast.wistia.net/embed/iframe/rmqo64yl8a
Europe2013,FreeAgent.mov,//fast.wistia.net/embed/iframe/0oe1vwbzpp
Europe2013,GMCSoftware.mov,//fast.wistia.net/embed/iframe/kxy6shmui2
Europe2013,HeckyITechnologies.mov,//fast.wistia.net/embed/iframe/q4l7oy3zea
Europe2013,Holvi.mov,//fast.wistia.net/embed/iframe/nbo4damfnu
Europe2013,INDGroup.mov,//fast.wistia.net/embed/iframe/493u916pks
Europe2013,ITSector.mov,//fast.wistia.net/embed/iframe/u56zp2vo80
Europe2013,Kabbage.mov,//fast.wistia.net/embed/iframe/mbxwccyq76
Europe2013,Kalixa.mov,//fast.wistia.net/embed/iframe/agsue9j009
Europe2013,Kalypton.mov,//fast.wistia.net/embed/iframe/vg3k4w21v5
Europe2013,Kantox.mov,//fast.wistia.net/embed/iframe/g0mq07ll7d
Europe2013,LeanBanking.mov,//fast.wistia.net/embed/iframe/xq44g5w9es
Europe2013,Liqpay.mov,//fast.wistia.net/embed/iframe/rtsn9ex3lc
Europe2013,Luminous.mov,//fast.wistia.net/embed/iframe/dn0am1ghby
Europe2013,mBank_Efigence.mov,//fast.wistia.net/embed/iframe/n23d9yny4i
Europe2013,Meniga.mov,//fast.wistia.net/embed/iframe/6pzhhhcbwg
Europe2013,Metaforic.mov,//fast.wistia.net/embed/iframe/1wenvx4ffz
Europe2013,MistralMobile.mov,//fast.wistia.net/embed/iframe/mv0vuk96sn
Europe2013,Moven.mov,//fast.wistia.net/embed/iframe/nrfxcfmrbq
Europe2013,NICESystems.mov,//fast.wistia.net/embed/iframe/i15a6d3eau
Europe2013,OPENTECH.mov,//fast.wistia.net/embed/iframe/rjtpslygbg
Europe2013,PhotoPay.mov,//fast.wistia.net/embed/iframe/0ax43swdk8
Europe2013,PocketsUnited.mov,//fast.wistia.net/embed/iframe/i0d2bs1bsc
Europe2013,QuantConnect.mov,//fast.wistia.net/embed/iframe/m8ly7io1gz
Europe2013,rplan.mov,//fast.wistia.net/embed/iframe/7wfa99vzaj
Europe2013,SAGE.mov,//fast.wistia.net/embed/iframe/9a77f7i2fu
Europe2013,SumUp.mov,//fast.wistia.net/embed/iframe/yndk3k5xhq
Europe2013,Temenos.mov,//fast.wistia.net/embed/iframe/o7vw1inu4f
Europe2013,TESOBE.mov,//fast.wistia.net/embed/iframe/kew6xnqbe0
Europe2013,TheCurrencyCloud.mov,//fast.wistia.net/embed/iframe/zaddrvjsrr
Europe2013,TransferWise.mov,//fast.wistia.net/embed/iframe/nkwnb1ckds
Europe2013,TrueOffice.mov,//fast.wistia.net/embed/iframe/xhiynevl2x
Europe2013,Trustly.mov,//fast.wistia.net/embed/iframe/qo73wbgw2t
Europe2013,TSYS.mov,//fast.wistia.net/embed/iframe/lg7nfu94dg
Europe2013,VirtualPiggy.mov,//fast.wistia.net/embed/iframe/ijqxxvbcxy
Europe2013,VoiceTrust.mov,//fast.wistia.net/embed/iframe/yo4lfvizaj
Europe2013,Xendpay.mov,//fast.wistia.net/embed/iframe/vl5ho7ncyd
Europe2013,Yseop.mov,//fast.wistia.net/embed/iframe/e14ydku23p
Flagship2008,Billshrink.mov,//fast.wistia.net/embed/iframe/as1l3d3ath
Flagship2008,BoulevardR.mov,//fast.wistia.net/embed/iframe/keyp720rqh
Flagship2008,CheckFree.mov,//fast.wistia.net/embed/iframe/xp7cnl9hvr
Flagship2008,CheckPoint.mov,//fast.wistia.net/embed/iframe/o3ik4lncu5
Flagship2008,CreditKarma.mov,//fast.wistia.net/embed/iframe/t0d0yged9x
Flagship2008,DigitalInsight.mov,//fast.wistia.net/embed/iframe/jvcs2bqbn8
Flagship2008,FiLife.mov,//fast.wistia.net/embed/iframe/2soap207bi
Flagship2008,Inner8.mov,//fast.wistia.net/embed/iframe/59c9ccbd16
Flagship2008,LendingClub.mov,//fast.wistia.net/embed/iframe/l7izr7qnso
Flagship2008,Loanio.mov,//fast.wistia.net/embed/iframe/qigm29frs6
Flagship2008,mFoundry.mov,//fast.wistia.net/embed/iframe/t17la7oea0
Flagship2008,Mint.mov,//fast.wistia.net/embed/iframe/ugphh3epl2
Flagship2008,MoneyAisle.mov,//fast.wistia.net/embed/iframe/f98k5yv17j
Flagship2008,MShift.mov,//fast.wistia.net/embed/iframe/41h1ftdccd
Flagship2008,QuickenOnline.mov,//fast.wistia.net/embed/iframe/0gpqp37lwc
Flagship2008,RateSurfer.mov,//fast.wistia.net/embed/iframe/vpnszlv9if
Flagship2008,SmartHippo.mov,//fast.wistia.net/embed/iframe/3b4gzwwdyl
Flagship2008,Sybase.mov,//fast.wistia.net/embed/iframe/cr5q3n1ipi
Flagship2008,Thrive.mov,//fast.wistia.net/embed/iframe/bvp6mju59t
Flagship2008,vidoop.mov,//fast.wistia.net/embed/iframe/81eiob37cp
Flagship2008,Wesabe.mov,//fast.wistia.net/embed/iframe/hy2t6r7yum
Flagship2008,WeSeed.mov,//fast.wistia.net/embed/iframe/q3rk0hb9y3
Flagship2008,Yodlee.mov,//fast.wistia.net/embed/iframe/fqg7u2qzfp
Flagship2009,BackBase.mov,//fast.wistia.net/embed/iframe/27hdtm9g8q
Flagship2009,BackBaseWA5Mbps.mov,//fast.wistia.net/embed/iframe/yvm8rnabp5
Flagship2009,Bancvue.mov,//fast.wistia.net/embed/iframe/6htkn6u7td
Flagship2009,Billeo.mov,//fast.wistia.net/embed/iframe/vm57dkqc33
Flagship2009,BillShrink.mov,//fast.wistia.net/embed/iframe/s5xm26b8md
Flagship2009,BlingNation.mov,//fast.wistia.net/embed/iframe/h76zf48e1z
Flagship2009,BrightScope.mov,//fast.wistia.net/embed/iframe/8rbs7clenq
Flagship2009,Canopy.mov,//fast.wistia.net/embed/iframe/xbnn3qaget
Flagship2009,CashEdge.mov,//fast.wistia.net/embed/iframe/e2pxmkb24z
Flagship2009,Credit.mov,//fast.wistia.net/embed/iframe/h2lxdq665m
Flagship2009,FireThorn.mov,//fast.wistia.net/embed/iframe/d09oknntat
Flagship2009,Fis.mov,//fast.wistia.net/embed/iframe/l3b8wror0w
Flagship2009,Fiserv.mov,//fast.wistia.net/embed/iframe/3wj5qwdkm3
Flagship2009,HomeAccount.mov,//fast.wistia.net/embed/iframe/pbpa42uqa4
Flagship2009,Infosys.mov,//fast.wistia.net/embed/iframe/g9si1ro5ac
Flagship2009,Intuit.mov,//fast.wistia.net/embed/iframe/wfl0nquuop
Flagship2009,iPay.mov,//fast.wistia.net/embed/iframe/0bmb4e5iq9
Flagship2009,Kapitall.mov,//fast.wistia.net/embed/iframe/9362mltuj9
Flagship2009,Mint.mov,//fast.wistia.net/embed/iframe/vjegw3qnyq
Flagship2009,mShift.mov,//fast.wistia.net/embed/iframe/012106umys
Flagship2009,OnDeck_WA4.mov,//fast.wistia.net/embed/iframe/gmxxeh01zv
Flagship2009,Outright.mov,//fast.wistia.net/embed/iframe/ct462tur37
Flagship2009,paybymobile.mov,//fast.wistia.net/embed/iframe/m69juvg3o7
Flagship2009,PeopleCapital.mov,//fast.wistia.net/embed/iframe/2y71f8mk8i
Flagship2009,S1.mov,//fast.wistia.net/embed/iframe/w97jerxi87
Flagship2009,Silvertail.mov,//fast.wistia.net/embed/iframe/nfzdx7mixz
Flagship2009,Simplifi.mov,//fast.wistia.net/embed/iframe/r82qxusg0q
Flagship2009,SkillLife.mov,//fast.wistia.net/embed/iframe/uefekpu1dl
Flagship2009,SmartyPig.mov,//fast.wistia.net/embed/iframe/tw46wdbcy7
Flagship2009,Strands.mov,//fast.wistia.net/embed/iframe/mbvmq1mbno
Flagship2009,TILE.mov,//fast.wistia.net/embed/iframe/z72re4aqju
Flagship2009,Yodlee.mov,//fast.wistia.net/embed/iframe/njrvsfk1ug
Flagship2009,BackBase2.mp4,//fast.wistia.net/embed/iframe/5wub16rko2
Flagship2009,Bancvue.mp4,//fast.wistia.net/embed/iframe/yll63nl2sr
Flagship2009,Billeo_WA.mp4,//fast.wistia.net/embed/iframe/vgwr34jukc
Flagship2009,BillShrink.mp4,//fast.wistia.net/embed/iframe/5ob6qqsrwy
Flagship2009,BlingNation.mp4,//fast.wistia.net/embed/iframe/x6kgx1z2xo
Flagship2009,BrightScope.mp4,//fast.wistia.net/embed/iframe/ld61e6gnj2
Flagship2009,Canopy.mp4,//fast.wistia.net/embed/iframe/bcf4fe82ox
Flagship2009,CashEdge.mp4,//fast.wistia.net/embed/iframe/9h0ytrua39
Flagship2009,Credit.mp4,//fast.wistia.net/embed/iframe/p8egt4odu1
Flagship2009,FireThorn.mp4,//fast.wistia.net/embed/iframe/j4ic6zygc4
Flagship2009,Fis.mp4,//fast.wistia.net/embed/iframe/3buwt11oic
Flagship2009,Fiserv.mp4,//fast.wistia.net/embed/iframe/a5te0lfqaq
Flagship2009,HomeAccount.mp4,//fast.wistia.net/embed/iframe/3pfgz2omss
Flagship2009,Infosys.mp4,//fast.wistia.net/embed/iframe/9kxjbr5efr
Flagship2009,Intuit.mp4,//fast.wistia.net/embed/iframe/87cbgcqvh4
Flagship2009,iPay.mp4,//fast.wistia.net/embed/iframe/mcy0ms1t0y
Flagship2009,Kapitall.mp4,//fast.wistia.net/embed/iframe/u3wxbns3ft
Flagship2009,Mint.mp4,//fast.wistia.net/embed/iframe/9bhtv1pbuu
Flagship2009,mShift.mp4,//fast.wistia.net/embed/iframe/w6jc1spo3g
Flagship2009,OnDeck.mp4,//fast.wistia.net/embed/iframe/9tz9ft6i8u
Flagship2009,Outright.mp4,//fast.wistia.net/embed/iframe/zpk69yfo4j
Flagship2009,paybymobile.mp4,//fast.wistia.net/embed/iframe/6fimh5o9ss
Flagship2009,PeopleCapital.mp4,//fast.wistia.net/embed/iframe/xkccq9lu4o
Flagship2009,S1.mp4,//fast.wistia.net/embed/iframe/27pzawah19
Flagship2009,Silvertail.mp4,//fast.wistia.net/embed/iframe/qd7as6s6n5
Flagship2009,Simplifi.mp4,//fast.wistia.net/embed/iframe/p5bsdv8pxo
Flagship2009,SkillLife.mp4,//fast.wistia.net/embed/iframe/lis5ve37f7
Flagship2009,SmartyPig.mp4,//fast.wistia.net/embed/iframe/u5fop7bqjb
Flagship2009,Strands.mp4,//fast.wistia.net/embed/iframe/io0obtnw2p
Flagship2009,TILE.mp4,//fast.wistia.net/embed/iframe/cwdv0zyovd
Flagship2009,Yodlee.mp4,//fast.wistia.net/embed/iframe/lnfk1l8egc
Startup2009,Acculynk.mov,//fast.wistia.net/embed/iframe/2h53c5a6e6
Startup2009,AlphaClone.mov,//fast.wistia.net/embed/iframe/oq1nyv344s
Startup2009,Aradiom.mov,//fast.wistia.net/embed/iframe/te1smt8g4p
Startup2009,BillShrink.mov,//fast.wistia.net/embed/iframe/re3v80rhuf
Startup2009,BudgetTracker.mov,//fast.wistia.net/embed/iframe/87chlpi9gk
Startup2009,CalendarBudget.mov,//fast.wistia.net/embed/iframe/co8hv5iztq
Startup2009,Centro.mov,//fast.wistia.net/embed/iframe/faa2neneae
Startup2009,ChartMechanic.mov,//fast.wistia.net/embed/iframe/nr0rwp1qm3
Startup2009,CircleUp.mov,//fast.wistia.net/embed/iframe/491g1yl0ra
Startup2009,Cooler.mov,//fast.wistia.net/embed/iframe/21xj0zlwxs
Startup2009,CreditKarma.mov,//fast.wistia.net/embed/iframe/rtmybnkypb
Startup2009,Debt_Goal.mov,//fast.wistia.net/embed/iframe/ehplsgwdjg
Startup2009,Expensify.mov,//fast.wistia.net/embed/iframe/o7bxffifqa
Startup2009,GreenSherpa.mov,//fast.wistia.net/embed/iframe/61lfks3pe6
Startup2009,HomeAccount.mov,//fast.wistia.net/embed/iframe/pua8zodb25
Startup2009,HomeATM.mov,//fast.wistia.net/embed/iframe/16lo42ojuv
Startup2009,iBear.mov,//fast.wistia.net/embed/iframe/9j2kbd3twb
Startup2009,IOUSOS.mov,//fast.wistia.net/embed/iframe/bqq53w7nlj
Startup2009,Ithryv.mov,//fast.wistia.net/embed/iframe/czn0en4rd2
Startup2009,Jwaala.mov,//fast.wistia.net/embed/iframe/gpjsupr6vk
Startup2009,kaChing.mov,//fast.wistia.net/embed/iframe/jgrn65jd7s
Startup2009,Kapitall.mov,//fast.wistia.net/embed/iframe/fjjsvyx017
Startup2009,LendingClub.mov,//fast.wistia.net/embed/iframe/dof21g690g
Startup2009,Lendingkarma.mov,//fast.wistia.net/embed/iframe/a4bijlmziw
Startup2009,LooniesDesk.mov,//fast.wistia.net/embed/iframe/sn3aq3qmqz
Startup2009,MoBank.mov,//fast.wistia.net/embed/iframe/ftepcr6xi5
Startup2009,Moneta.mov,//fast.wistia.net/embed/iframe/bdxx2pupgf
Startup2009,MoneyStrands.mov,//fast.wistia.net/embed/iframe/h3aelxynrl
Startup2009,Mozo.mov,//fast.wistia.net/embed/iframe/v9in30qayn
Startup2009,NCore.mov,//fast.wistia.net/embed/iframe/aemzdym75a
Startup2009,PennyMinder.mov,//fast.wistia.net/embed/iframe/zj8vcbo7e4
Startup2009,PeopleCapital.mov,//fast.wistia.net/embed/iframe/r38d96pd5n
Startup2009,PertuityDirect.mov,//fast.wistia.net/embed/iframe/bdf545938u
Startup2009,PortfolioMonkey.mov,//fast.wistia.net/embed/iframe/cuv2q2yzdl
Startup2009,Prosper.mov,//fast.wistia.net/embed/iframe/19lbz00irx
Startup2009,RateMatch.mov,//fast.wistia.net/embed/iframe/sx8whozo7e
Startup2009,ReceivablesExchange.mov,//fast.wistia.net/embed/iframe/jnk7qfad3r
Startup2009,Rudder.mov,//fast.wistia.net/embed/iframe/ioaya99ijn
Startup2009,SecondMarket.mov,//fast.wistia.net/embed/iframe/a59z67dbte
Startup2009,SeerGate.mov,//fast.wistia.net/embed/iframe/td944va2in
Startup2009,SilverTail.mov,//fast.wistia.net/embed/iframe/9fvd4gxmxn
Startup2009,Simplifi.mov,//fast.wistia.net/embed/iframe/4ri8m0hxai
Startup2009,SmartHippo.mov,//fast.wistia.net/embed/iframe/wiwi8lhgf4
Startup2009,TempoPayments.mov,//fast.wistia.net/embed/iframe/e483hdp8ai
Startup2009,ThreatMetrix.mov,//fast.wistia.net/embed/iframe/c5pq0ruvm1
Startup2009,TransparentFS.mov,//fast.wistia.net/embed/iframe/a45t4h1ka1
Startup2009,ValueCruncher.mov,//fast.wistia.net/embed/iframe/4rj5pgxnz4
Startup2009,Wesabe.mov,//fast.wistia.net/embed/iframe/1mq2o6aks0
Startup2009,WeSeed.mov,//fast.wistia.net/embed/iframe/vo3wuwf9yt
Startup2009,ZimpleMoney.mov,//fast.wistia.net/embed/iframe/04apkcbhua
Startup2008,Andera_QUICKTIME.mov,//fast.wistia.net/embed/iframe/wsjhx7pzg7
Startup2008,Aradiom_QUICKTIME.mov,//fast.wistia.net/embed/iframe/3wzjt7lraf
Startup2008,Authentium_QUICKTIME.mov,//fast.wistia.net/embed/iframe/rjwxu1jimq
Startup2008,BlingNation_QUICKTIME.mov,//fast.wistia.net/embed/iframe/ualo8w36j9
Startup2008,BoulevardR_QUICKTIME.mov,//fast.wistia.net/embed/iframe/yh13iyqwmd
Startup2008,Cake_QUICKTIME.mov,//fast.wistia.net/embed/iframe/9qkb22yv95
Startup2008,CAPS_QUICKTIME.mov,//fast.wistia.net/embed/iframe/cdp6vkdy9n
Startup2008,Clairmail_QUICKTIME.mov,//fast.wistia.net/embed/iframe/wfrvtyqhlf
Startup2008,Confident_QUICKTIME.mov,//fast.wistia.net/embed/iframe/3uy8aqyumv
Startup2008,CreditKarma_QUICKTIME.mov,//fast.wistia.net/embed/iframe/xi2908q7i8
Startup2008,Diversinet_QUICKTIME.mov,//fast.wistia.net/embed/iframe/mnbjz29lno
Startup2008,Expensr_QUICKTIME.mov,//fast.wistia.net/embed/iframe/ehhi4ib3mf
Startup2008,FindABetterBank_QUICKTIME.mov,//fast.wistia.net/embed/iframe/4k5kwtofjp
Startup2008,FirstROI_QUICKTIME.mov,//fast.wistia.net/embed/iframe/tydfec90o8
Startup2008,GreenNote_QUICKTIME.mov,//fast.wistia.net/embed/iframe/vlfc4ltaib
Startup2008,GuardID_QUICKTIME.mov,//fast.wistia.net/embed/iframe/5jyymukvm5
Startup2008,Invesra_QUICKTIME.mov,//fast.wistia.net/embed/iframe/fvbbd7ja10
Startup2008,IPCommerce_QUICKTIME.mov,//fast.wistia.net/embed/iframe/04x0c7x4sk
Startup2008,Jwaala_QUICKTIME.mov,//fast.wistia.net/embed/iframe/e90beyify6
Startup2008,Loanio_QUICKTIME.mov,//fast.wistia.net/embed/iframe/kl9in34kbu
Startup2008,Mint_QUICKTIME.mov,//fast.wistia.net/embed/iframe/rv5eocur03
Startup2008,Moneypools_QUICKTIME.mov,//fast.wistia.net/embed/iframe/escy8e30lp
Startup2008,Prosper_QUICKTIME.mov,//fast.wistia.net/embed/iframe/yepa1m895d
Startup2008,SimpleTuition_QUICKTIME.mov,//fast.wistia.net/embed/iframe/n2ddtjl0y8
Startup2008,SmartHippo_QUICKTIME.mov,//fast.wistia.net/embed/iframe/p1kl9lw1zl
Startup2008,Smartypig_QUICKTIME.mov,//fast.wistia.net/embed/iframe/9ig7xm1esz
Startup2008,Sparkroom_QUICKTIME.mov,//fast.wistia.net/embed/iframe/q16agti38s
Startup2008,Tradeking_QUICKTIME.mov,//fast.wistia.net/embed/iframe/jciqo0m2x1
Startup2008,TrustedID_QUICKTIME.mov,//fast.wistia.net/embed/iframe/1yvud13qqx
Startup2008,Tyfone_QUICKTIME.mov,//fast.wistia.net/embed/iframe/8la103oqo3
Startup2008,Vaultstreet_QUICKTIME.mov,//fast.wistia.net/embed/iframe/0zuw6yd7el
Startup2008,Vestopia_QUICKTIME.mov,//fast.wistia.net/embed/iframe/uncat1nznb
Startup2008,Wonga_QUICKTIME.mov,//fast.wistia.net/embed/iframe/3avtpxywus
Startup2008,Worklight_QUICKTIME.mov,//fast.wistia.net/embed/iframe/bqw4fra1lw
Startup2008,Zecco_QUICKTIME.mov,//fast.wistia.net/embed/iframe/tqwzvj92nb
Startup2008,Zopa_QUICKTIME.mov,//fast.wistia.net/embed/iframe/2039w29zdi
Finovate2007,Andera_768K_Stream.mov,//fast.wistia.net/embed/iframe/0actcmpk0o
Finovate2007,Billeo_768K_Stream.mov,//fast.wistia.net/embed/iframe/502eo4413p
Finovate2007,CheckFree_768K_Stream.mov,//fast.wistia.net/embed/iframe/6xulxw14f0
Finovate2007,ClairMail_768K_Stream.mov,//fast.wistia.net/embed/iframe/93q0hl846g
Finovate2007,DigitalInsight_768K_Stream.mov,//fast.wistia.net/embed/iframe/qkjiagt1uf
Finovate2007,Firethorn_768K_Stream.mov,//fast.wistia.net/embed/iframe/4zpdcvet04
Finovate2007,Geezeo_768K_Stream.mov,//fast.wistia.net/embed/iframe/hlo4gk0hpu
Finovate2007,IdentityTheft911_768K_Stream.mov,//fast.wistia.net/embed/iframe/z2br47fxwt
Finovate2007,iPay_768K_Stream.mov,//fast.wistia.net/embed/iframe/y5zxdvqwmk
Finovate2007,Jwaala_768K_Stream.mov,//fast.wistia.net/embed/iframe/vxu30ralf8
Finovate2007,LendingClub_768K_Stream.mov,//fast.wistia.net/embed/iframe/wjr7ul6k0g
Finovate2007,Metavante_768K_Stream.mov,//fast.wistia.net/embed/iframe/wcmnoybz8n
Finovate2007,Mfoundry_768K_Stream.mov,//fast.wistia.net/embed/iframe/nelmenv276
Finovate2007,Mint_768K_Stream.mov,//fast.wistia.net/embed/iframe/zsbmeaavge
Finovate2007,Monitise_768K_Stream.mov,//fast.wistia.net/embed/iframe/s75wqznl63
Finovate2007,MortgageMarvel_768K_Stream.mov,//fast.wistia.net/embed/iframe/43r4n3japs
Finovate2007,MShift_768K_Stream.mov,//fast.wistia.net/embed/iframe/gldwdwooiz
Finovate2007,OnlineResources_768K_Stream.mov,//fast.wistia.net/embed/iframe/svmcbpv917
Finovate2007,Prosper_768K_Stream.mov,//fast.wistia.net/embed/iframe/ah2byhaal5
Finovate2007,Yodlee_768K_Stream.mov,//fast.wistia.net/embed/iframe/p3xviwbpd1
Best of Finovate,Mint: 2007 Finovate,//fast.wistia.net/embed/iframe/cwwfpgl5qr
Best of Finovate,Wesabe: 2009 Finovate,//fast.wistia.net/embed/iframe/qq0p6rndd0
Best of Finovate,Wikinvest: 2010 Finovate Spring,//fast.wistia.net/embed/iframe/9lufwt3hog
Best of Finovate,Yodlee: 2011 Finovate Fall,//fast.wistia.net/embed/iframe/4kazdgqvua
Best of Finovate,PayPal: 2012 Finovate Europe ,//fast.wistia.net/embed/iframe/8bdlrmjspr
Best of Finovate,Spreedly: Finovate Fall 2013,//fast.wistia.net/embed/iframe/edquv38xk3
FinovateEurope 2014 Demo Videos,Advanced Merchant Payments,//fast.wistia.net/embed/iframe/coxx0mx995
FinovateEurope 2014 Demo Videos,AdviceGames,//fast.wistia.net/embed/iframe/l9efu7rg5t
FinovateEurope 2014 Demo Videos,AnalytixInsight,//fast.wistia.net/embed/iframe/k0bv58au9n
FinovateEurope 2014 Demo Videos,Arxan Technologies,//fast.wistia.net/embed/iframe/kr14uygnee
FinovateEurope 2014 Demo Videos,Atsora,//fast.wistia.net/embed/iframe/1s3wpza2aw
FinovateEurope 2014 Demo Videos,Avoka,//fast.wistia.net/embed/iframe/yiactr76b9
FinovateEurope 2014 Demo Videos,AXA Banque Chappuis Halder,//fast.wistia.net/embed/iframe/hkhedsa3c3
FinovateEurope 2014 Demo Videos,Backbase,//fast.wistia.net/embed/iframe/xruv3240il
FinovateEurope 2014 Demo Videos,BehavioSec,//fast.wistia.net/embed/iframe/3jdrcwwhzp
FinovateEurope 2014 Demo Videos,Cardwise,//fast.wistia.net/embed/iframe/nph8j9odr5
FinovateEurope 2014 Demo Videos,CRIF,//fast.wistia.net/embed/iframe/8kwtfal4nn
FinovateEurope 2014 Demo Videos,The Currency Cloud,//fast.wistia.net/embed/iframe/mjxarfe6ne
FinovateEurope 2014 Demo Videos,CurrencyTransfer,//fast.wistia.net/embed/iframe/dmfvatbrs4
FinovateEurope 2014 Demo Videos,Device Ident,//fast.wistia.net/embed/iframe/zqt44v41a5
FinovateEurope 2014 Demo Videos,Dynamics,//fast.wistia.net/embed/iframe/uupeqvuw5i
FinovateEurope 2014 Demo Videos,efigence &amp; Idea Bank,//fast.wistia.net/embed/iframe/u5ybdxon5w
FinovateEurope 2014 Demo Videos,Encap Security,//fast.wistia.net/embed/iframe/5d95hfib9m
FinovateEurope 2014 Demo Videos,ETRONIKA,//fast.wistia.net/embed/iframe/e6isj2ynve
FinovateEurope 2014 Demo Videos,EXCESS RETURN,//fast.wistia.net/embed/iframe/uqp242o2uj
FinovateEurope 2014 Demo Videos,EZBOB,//fast.wistia.net/embed/iframe/3u5aswl00b
FinovateEurope 2014 Demo Videos,fastacash,//fast.wistia.net/embed/iframe/r6tbw9846r
FinovateEurope 2014 Demo Videos,Feedzai,//fast.wistia.net/embed/iframe/lu7w6pze8b
FinovateEurope 2014 Demo Videos,Fiserv,//fast.wistia.net/embed/iframe/q6pfdjn6bj
FinovateEurope 2014 Demo Videos,Five Degrees,//fast.wistia.net/embed/iframe/0c9k2bwvwv
FinovateEurope 2014 Demo Videos,GMC,//fast.wistia.net/embed/iframe/ex8vz0f1wn
FinovateEurope 2014 Demo Videos,Innovation Agency,//fast.wistia.net/embed/iframe/diex7pe4gw
FinovateEurope 2014 Demo Videos,Intuition Intelligence,//fast.wistia.net/embed/iframe/zcu98yi9nw
FinovateEurope 2014 Demo Videos,ITSector,//fast.wistia.net/embed/iframe/5i9e488u9p
FinovateEurope 2014 Demo Videos,Jack Henry &amp; Associates and Luminous,//fast.wistia.net/embed/iframe/q0yvl2er7r
FinovateEurope 2014 Demo Videos,Jumio,//fast.wistia.net/embed/iframe/pv6jwnlrl8
FinovateEurope 2014 Demo Videos,Kensho,//fast.wistia.net/embed/iframe/caut534r2m
FinovateEurope 2014 Demo Videos,Kofax,//fast.wistia.net/embed/iframe/tft75j6baw
FinovateEurope 2014 Demo Videos,Kown,//fast.wistia.net/embed/iframe/1f44rnpc44
FinovateEurope 2014 Demo Videos,LifePay,//fast.wistia.net/embed/iframe/al2pvist8e
FinovateEurope 2014 Demo Videos,Luxoft,//fast.wistia.net/embed/iframe/0sdohskteg
FinovateEurope 2014 Demo Videos,Matchi,//fast.wistia.net/embed/iframe/5loxkuggs1
FinovateEurope 2014 Demo Videos,Meniga,//fast.wistia.net/embed/iframe/dsccdl12bu
FinovateEurope 2014 Demo Videos,Misys,//fast.wistia.net/embed/iframe/lwbbp5slkm
FinovateEurope 2014 Demo Videos,Mobino,//fast.wistia.net/embed/iframe/b53heuraz7
FinovateEurope 2014 Demo Videos,The Moneyer,//fast.wistia.net/embed/iframe/v1758ylaqw
FinovateEurope 2014 Demo Videos,Money on Toast,//fast.wistia.net/embed/iframe/rxo3h6bs63
FinovateEurope 2014 Demo Videos,MyOrder,//fast.wistia.net/embed/iframe/0zfjp1hte7
FinovateEurope 2014 Demo Videos,MyWishBoard,//fast.wistia.net/embed/iframe/vwiy8rv1dy
FinovateEurope 2014 Demo Videos,NF Innova,//fast.wistia.net/embed/iframe/uhm5wzl15l
FinovateEurope 2014 Demo Videos,Nostrum Group,//fast.wistia.net/embed/iframe/b6gyp63he5
FinovateEurope 2014 Demo Videos,Nous,//fast.wistia.net/embed/iframe/r9l3aqde29
FinovateEurope 2014 Demo Videos,payworks,//fast.wistia.net/embed/iframe/vh1r627d22
FinovateEurope 2014 Demo Videos,PhotoPay,//fast.wistia.net/embed/iframe/iik7nznulg
FinovateEurope 2014 Demo Videos,Pixeliris,//fast.wistia.net/embed/iframe/tbyyul8x5x
FinovateEurope 2014 Demo Videos,Plutus Software,//fast.wistia.net/embed/iframe/wpgu9bk2qv
FinovateEurope 2014 Demo Videos,Red Zebra Analytics,//fast.wistia.net/embed/iframe/iivxt0cdxu
FinovateEurope 2014 Demo Videos,SaaS Markets,//fast.wistia.net/embed/iframe/aqgl0o5fe8
FinovateEurope 2014 Demo Videos,SecureSafe,//fast.wistia.net/embed/iframe/f3azw00cem
FinovateEurope 2014 Demo Videos,Smart Engine,//fast.wistia.net/embed/iframe/x3wgtvgfj7
FinovateEurope 2014 Demo Videos,SoftWear Finance,//fast.wistia.net/embed/iframe/d7qy4sdvaf
FinovateEurope 2014 Demo Videos,SQLI,//fast.wistia.net/embed/iframe/kbww3zwwo8
FinovateEurope 2014 Demo Videos,Temenos,//fast.wistia.net/embed/iframe/lk84i3uugq
FinovateEurope 2014 Demo Videos,Tink,//fast.wistia.net/embed/iframe/e51tkipewz
FinovateEurope 2014 Demo Videos,Top Image Systems,//fast.wistia.net/embed/iframe/mz15zswtmk
FinovateEurope 2014 Demo Videos,Topicus Finan,//fast.wistia.net/embed/iframe/94l065v23r
FinovateEurope 2014 Demo Videos,Trustev,//fast.wistia.net/embed/iframe/hdbqgjavw5
FinovateEurope 2014 Demo Videos,vaamo,//fast.wistia.net/embed/iframe/8q9umgvnma
FinovateEurope 2014 Demo Videos,YourWealth,//fast.wistia.net/embed/iframe/enlr56rjob
FinovateEurope 2014 Demo Videos,Yseop,//fast.wistia.net/embed/iframe/s7oxxl5cyt
FinovateEurope 2014 Demo Videos,Toshl,//fast.wistia.net/embed/iframe/eudh1sg13h
FinovateEurope 2014 Demo Videos,Truphone,//fast.wistia.net/embed/iframe/203n4iwdms
FinovateSpring 2014 Demo Videos,Artivest,//fast.wistia.net/embed/iframe/xdjpwi7hof
FinovateSpring 2014 Demo Videos,Avoka,//fast.wistia.net/embed/iframe/h05wx0v0ne
FinovateSpring 2014 Demo Videos,BodeTree,//fast.wistia.net/embed/iframe/vonmaj7lg9
FinovateSpring 2014 Demo Videos,ChiaraMail,//fast.wistia.net/embed/iframe/lcipe6p5ao
FinovateSpring 2014 Demo Videos,Coinbase,//fast.wistia.net/embed/iframe/5bzo5eaqvx
FinovateSpring 2014 Demo Videos,Crealogix,//fast.wistia.net/embed/iframe/vslo7rbclw
FinovateSpring 2014 Demo Videos,CuneXus,//fast.wistia.net/embed/iframe/nyvrefbe83
FinovateSpring 2014 Demo Videos,D3Banking,//fast.wistia.net/embed/iframe/cg27zvb0xf
FinovateSpring 2014 Demo Videos,Dealstruck,//fast.wistia.net/embed/iframe/ve9i9i8kbo
FinovateSpring 2014 Demo Videos,defiSOLUTIONS,//fast.wistia.net/embed/iframe/gzmrc2svce
FinovateSpring 2014 Demo Videos,DigitalInsight,//fast.wistia.net/embed/iframe/qiax0wepx3
FinovateSpring 2014 Demo Videos,DigitalRetail,//fast.wistia.net/embed/iframe/nq6r8znspy
FinovateSpring 2014 Demo Videos,EncapSecurity,//fast.wistia.net/embed/iframe/pu2i9qdx1b
FinovateSpring 2014 Demo Videos,Endeavour,//fast.wistia.net/embed/iframe/j6cqpzdtsi
FinovateSpring 2014 Demo Videos,EyeVerify,//fast.wistia.net/embed/iframe/cu6q4p2spt
FinovateSpring 2014 Demo Videos,FinBuddy,//fast.wistia.net/embed/iframe/ok9ys83crr
FinovateSpring 2014 Demo Videos,Fiserv,//fast.wistia.net/embed/iframe/up99azi8of
FinovateSpring 2014 Demo Videos,FlexScore,//fast.wistia.net/embed/iframe/8q5l0abgli
FinovateSpring 2014 Demo Videos,IDme,//fast.wistia.net/embed/iframe/f8e66er10b
FinovateSpring 2014 Demo Videos,Insuritas,//fast.wistia.net/embed/iframe/ermmt22wf4
FinovateSpring 2014 Demo Videos,IntelliResponse,//fast.wistia.net/embed/iframe/k7u4dib8kl
FinovateSpring 2014 Demo Videos,Interactions,//fast.wistia.net/embed/iframe/azya2l7ykj
FinovateSpring 2014 Demo Videos,Jumio,//fast.wistia.net/embed/iframe/34bqbylsit
FinovateSpring 2014 Demo Videos,Kofax,//fast.wistia.net/embed/iframe/05cbgmzail
FinovateSpring 2014 Demo Videos,Kreditech,//fast.wistia.net/embed/iframe/hq8idycsxa
FinovateSpring 2014 Demo Videos,LendingRobot,//fast.wistia.net/embed/iframe/99erud7ffh
FinovateSpring 2014 Demo Videos,LendingTree,//fast.wistia.net/embed/iframe/3fbqy0oaff
FinovateSpring 2014 Demo Videos,LendUp,//fast.wistia.net/embed/iframe/t4ygqiqade
FinovateSpring 2014 Demo Videos,Loop,//fast.wistia.net/embed/iframe/esccqxv9z0
FinovateSpring 2014 Demo Videos,Loyal3,//fast.wistia.net/embed/iframe/zhayzlnztb
FinovateSpring 2014 Demo Videos,MarketProphit,//fast.wistia.net/embed/iframe/peyxpncxai
FinovateSpring 2014 Demo Videos,MotifInvesting,//fast.wistia.net/embed/iframe/9t4nkqagxj
FinovateSpring 2014 Demo Videos,MShift,//fast.wistia.net/embed/iframe/4ut6fyj4sn
FinovateSpring 2014 Demo Videos,Nearex,//fast.wistia.net/embed/iframe/sh499jxajg
FinovateSpring 2014 Demo Videos,NICESystems,//fast.wistia.net/embed/iframe/qcljvcfe1k
FinovateSpring 2014 Demo Videos,OnBudget,//fast.wistia.net/embed/iframe/p1mpe9y7s8
FinovateSpring 2014 Demo Videos,Qapital,//fast.wistia.net/embed/iframe/hr5bw85vje
FinovateSpring 2014 Demo Videos,Quisk,//fast.wistia.net/embed/iframe/fg65x38alo
FinovateSpring 2014 Demo Videos,Radius,//fast.wistia.net/embed/iframe/8fahk5cdxx
FinovateSpring 2014 Demo Videos,RealtyMogul,//fast.wistia.net/embed/iframe/v59e1vbo7f
FinovateSpring 2014 Demo Videos,RedGiant,//fast.wistia.net/embed/iframe/ojbwbzp6kn
FinovateSpring 2014 Demo Videos,Rippleshot,//fast.wistia.net/embed/iframe/ss743qeh0s
FinovateSpring 2014 Demo Videos,Roostify,//fast.wistia.net/embed/iframe/bay5oi6xp4
FinovateSpring 2014 Demo Videos,SaveUp,//fast.wistia.net/embed/iframe/9wxppcbdhg
FinovateSpring 2014 Demo Videos,SmartAsset,//fast.wistia.net/embed/iframe/6j4l570ej0
FinovateSpring 2014 Demo Videos,Spreedly,//fast.wistia.net/embed/iframe/i4t44whscv
FinovateSpring 2014 Demo Videos,Stockpile,//fast.wistia.net/embed/iframe/u0xqgarnj2
FinovateSpring 2014 Demo Videos,StrategyCorps,//fast.wistia.net/embed/iframe/awggpty096
FinovateSpring 2014 Demo Videos,Sureify,//fast.wistia.net/embed/iframe/6i0vr8gyqg
FinovateSpring 2014 Demo Videos,TactileFinance,//fast.wistia.net/embed/iframe/a4fiipbsup
FinovateSpring 2014 Demo Videos,TDAmeritradeLikeFolio,//fast.wistia.net/embed/iframe/jhd3166uch
FinovateSpring 2014 Demo Videos,TextPower,//fast.wistia.net/embed/iframe/5y68tmsw1o
FinovateSpring 2014 Demo Videos,TrueLink,//fast.wistia.net/embed/iframe/n1q1p5osk8
FinovateSpring 2014 Demo Videos,Venovate,//fast.wistia.net/embed/iframe/j7fw05ybon
FinovateSpring 2014 Demo Videos,VerdeInternational,//fast.wistia.net/embed/iframe/xz4r9o6igu
FinovateSpring 2014 Demo Videos,VisibleEquity,//fast.wistia.net/embed/iframe/0d9wmzws2h
FinovateSpring 2014 Demo Videos,Vorstack,//fast.wistia.net/embed/iframe/qha2eh4blj
FinovateSpring 2014 Demo Videos,WePay,//fast.wistia.net/embed/iframe/of4p6d78nr
FinovateSpring 2014 Demo Videos,Wipit,//fast.wistia.net/embed/iframe/g4syt6u3p5
FinovateSpring 2014 Demo Videos,Yseop,//fast.wistia.net/embed/iframe/azlxk0ndpy
FinovateSpring 2014 Demo Videos,ZenPayroll,//fast.wistia.net/embed/iframe/p8fgxk86x3
FinovateSpring 2014 Demo Videos,Zumigo,//fast.wistia.net/embed/iframe/cjjgx46rkm
Finovate 2008 Best of Show,CheckFree,//fast.wistia.net/embed/iframe/2ht1s08jxy
Finovate 2008 Best of Show,Credit Karma,//fast.wistia.net/embed/iframe/sf0m6y2jnw
Finovate 2008 Best of Show,Mint,//fast.wistia.net/embed/iframe/i9i1o8qd0m
Finovate 2008 Best of Show,MoneyAisle,//fast.wistia.net/embed/iframe/mj95nrxke4
FinovateStartup 2008 Best of Show ,First ROI,//fast.wistia.net/embed/iframe/ipmj7aed00
FinovateStartup 2008 Best of Show ,Jwaala,//fast.wistia.net/embed/iframe/b06zm0kehl
FinovateStartup 2008 Best of Show ,Zecco,//fast.wistia.net/embed/iframe/52mzva6asg
FinovateStartup 2008 Best of Show ,Zopa,//fast.wistia.net/embed/iframe/4rbliy5jdl
Finovate 2009 Best of Show ,Bancvue,//fast.wistia.net/embed/iframe/3kspobcvtn
Finovate 2009 Best of Show ,Credit,//fast.wistia.net/embed/iframe/yun2prvdcn
Finovate 2009 Best of Show ,Intuit,//fast.wistia.net/embed/iframe/lw1da9de57
Finovate 2009 Best of Show ,Silver Tail Systems,//fast.wistia.net/embed/iframe/fdwt93vghk
Finovate 2009 Best of Show ,Yodlee,//fast.wistia.net/embed/iframe/uru5pid5v8
FinovateStartup 2009 Best of Show,Prosper,//fast.wistia.net/embed/iframe/r9w73ki7kc
FinovateStartup 2009 Best of Show,Silver Tail Systems,//fast.wistia.net/embed/iframe/htc4qab3ot
FinovateStartup 2009 Best of Show,Simplifi,//fast.wistia.net/embed/iframe/vh1dpdnr0r
FinovateStartup 2009 Best of Show,BillShrink,//fast.wistia.net/embed/iframe/5onz14e3p9
Finovate 2007 Best of Show,D + H Morgagebot,//fast.wistia.net/embed/iframe/viywxkyjqj
Finovate 2007 Best of Show,Mint,//fast.wistia.net/embed/iframe/6tapq1oevs
Finovate 2007 Best of Show,Prosper,//fast.wistia.net/embed/iframe/8606rdu2xr
FinovateSpring 2010 Best of Show ,Bobber Interactive,//fast.wistia.net/embed/iframe/j65zihrp7u
FinovateSpring 2010 Best of Show ,Expensify,//fast.wistia.net/embed/iframe/3r0ixlcohq
FinovateSpring 2010 Best of Show ,oFlows,//fast.wistia.net/embed/iframe/eoglkyf3v8
FinovateSpring 2010 Best of Show ,Wikinvest,//fast.wistia.net/embed/iframe/2zgxfg9va7
FinovateFall 2010 Best of Show,Betterment,//fast.wistia.net/embed/iframe/05ir4nolbu
FinovateFall 2010 Best of Show,Bundle,//fast.wistia.net/embed/iframe/c0v1nldgwv
FinovateFall 2010 Best of Show,Dynamics,//fast.wistia.net/embed/iframe/9jy1j6ueia
FinovateFall 2010 Best of Show,oFlows,//fast.wistia.net/embed/iframe/uk6soc5otz
FinovateFall 2010 Best of Show,BillShrink,//fast.wistia.net/embed/iframe/tyz3jtwn55
FinovateFall 2010 Best of Show,PayNearMe,//fast.wistia.net/embed/iframe/u5olgq1smv
FinovateFall 2010 Best of Show,SecureKey,//fast.wistia.net/embed/iframe/te0r7e8adq
FinovateEurope 2011 Best of Show,eToro,//fast.wistia.net/embed/iframe/36fzsi95tq
FinovateEurope 2011 Best of Show,Liqpay,//fast.wistia.net/embed/iframe/ywvrtzcfxk
FinovateEurope 2011 Best of Show,Finantix,//fast.wistia.net/embed/iframe/orjwujbn4m
FinovateEurope 2011 Best of Show,Meniga,//fast.wistia.net/embed/iframe/d1ov8x4fo4
FinovateSpring 2011 Best of Show,BancVue,//fast.wistia.net/embed/iframe/vfm16nn5i2
FinovateSpring 2011 Best of Show,Bankons,//fast.wistia.net/embed/iframe/rrquxugdi8
FinovateSpring 2011 Best of Show,Mitek Systems,//fast.wistia.net/embed/iframe/77vr3mkgv5
FinovateSpring 2011 Best of Show,Dwolla,//fast.wistia.net/embed/iframe/pu1a4dt92u
FinovateSpring 2011 Best of Show,oFlows,//fast.wistia.net/embed/iframe/l06tn6uvrd
FinovateFall 2011 Best of Show,BillGuard,//fast.wistia.net/embed/iframe/8ingsjsbl3
FinovateFall 2011 Best of Show,eToro,//fast.wistia.net/embed/iframe/3ox4p6vxv3
FinovateFall 2011 Best of Show,Dynamics,//fast.wistia.net/embed/iframe/xrzdix2yur
FinovateFall 2011 Best of Show,FamZoo,//fast.wistia.net/embed/iframe/cz96k4sq9v
FinovateFall 2011 Best of Show,FeeFighters,//fast.wistia.net/embed/iframe/1ck0rjqzw6
FinovateFall 2011 Best of Show,LearnVest,//fast.wistia.net/embed/iframe/c1yzyixxny
FinovateFall 2011 Best of Show,Offermatic,//fast.wistia.net/embed/iframe/x391fdu1ti
FinovateFall 2011 Best of Show,oFlows,//fast.wistia.net/embed/iframe/049k4yirl1
FinovateFall 2011 Best of Show,Personal Capital,//fast.wistia.net/embed/iframe/s06lfv0ufw
FinovateEurope 2012 Best of Show,Cardlytics,//fast.wistia.net/embed/iframe/spojteqcxa
FinovateEurope 2012 Best of Show,Dynamics,//fast.wistia.net/embed/iframe/fcyp40hwnn
FinovateEurope 2012 Best of Show,eToro,//fast.wistia.net/embed/iframe/s0bg2cyi15
FinovateEurope 2012 Best of Show,Nutmeg,//fast.wistia.net/embed/iframe/gvnqwkq23f
FinovateSpring 2012 Best of Show,BehavioSec,//fast.wistia.net/embed/iframe/5h5qhzqhee
FinovateSpring 2012 Best of Show,Dwolla,//fast.wistia.net/embed/iframe/r998h5hbd2
FinovateSpring 2012 Best of Show,BillGuard,//fast.wistia.net/embed/iframe/lzw8nocpap
FinovateSpring 2012 Best of Show,iQuantifi,//fast.wistia.net/embed/iframe/sewpm96yuo
FinovateSpring 2012 Best of Show,MoneyDesktop,//fast.wistia.net/embed/iframe/t0kvr18gfr
FinovateSpring 2012 Best of Show,Personal Capital,//fast.wistia.net/embed/iframe/ikfpvau9ae
FinovateSpring 2012 Best of Show,SoMoLend,//fast.wistia.net/embed/iframe/jft0hckct5
FinovateFall 2012 Best of Show,Credit Sesame,//fast.wistia.net/embed/iframe/t35utxj0je
FinovateFall 2012 Best of Show,Dynamics,//fast.wistia.net/embed/iframe/0x19zd3pn2
FinovateFall 2012 Best of Show,Dashlane,//fast.wistia.net/embed/iframe/pg99lnw52w
FinovateFall 2012 Best of Show,PayTap,//fast.wistia.net/embed/iframe/566liwob88
FinovateFall 2012 Best of Show,MoneyDesktop,//fast.wistia.net/embed/iframe/d2zek5w4qy
FinovateFall 2012 Best of Show,ShopKeep POS,//fast.wistia.net/embed/iframe/ieggmrey2p
FinovateFall 2012 Best of Show,eToro,//fast.wistia.net/embed/iframe/b6x1bvrv74
FinovateFall 2012 Best of Show,LearnVest,//fast.wistia.net/embed/iframe/9i07ohe2v1
FinovateAsia 2012 Best of Show,CurrencyFair,//fast.wistia.net/embed/iframe/icf3soafw2
FinovateAsia 2012 Best of Show,Finantix,//fast.wistia.net/embed/iframe/cmkjhhg7ex
FinovateAsia 2012 Best of Show,UBank,//fast.wistia.net/embed/iframe/2mkzl0017u
FinovateAsia 2012 Best of Show,SocietyOne,//fast.wistia.net/embed/iframe/g6n3vw415x
FinovateEurope 2013 Best of Show,Credit Agricole,//fast.wistia.net/embed/iframe/v1htwley85
FinovateEurope 2013 Best of Show,mBank &amp; Efigence,//fast.wistia.net/embed/iframe/baqe3yh6v5
FinovateEurope 2013 Best of Show,ETRONIKA,//fast.wistia.net/embed/iframe/2dfi4ycfq9
FinovateEurope 2013 Best of Show,Meniga,//fast.wistia.net/embed/iframe/1kzxuqlpnh
FinovateEurope 2013 Best of Show,Moven,//fast.wistia.net/embed/iframe/smkw9amk7m
FinovateEurope 2013 Best of Show,Virtual Piggy,//fast.wistia.net/embed/iframe/qjoiieunmx
FinovateEurope 2013 Best of Show,Pockets United,//fast.wistia.net/embed/iframe/24rhuaav9z
FinovateEurope 2013 Best of Show,SumUp,//fast.wistia.net/embed/iframe/qkjfqbe9q7
FinovateSpring 2013 Best of Show,FamZoo,//fast.wistia.net/embed/iframe/ul8odyl688
FinovateSpring 2013 Best of Show,LendUp,//fast.wistia.net/embed/iframe/xojwq4hcff
FinovateSpring 2013 Best of Show,MoneyDesktop,//fast.wistia.net/embed/iframe/9p4e9qsaus
FinovateSpring 2013 Best of Show,PayNearMe,//fast.wistia.net/embed/iframe/d5vomgyv8f
FinovateSpring 2013 Best of Show,TipRanks,//fast.wistia.net/embed/iframe/u0s4uigzag
FinovateFall 2013 Best of Show,Interactions,//fast.wistia.net/embed/iframe/np3jomkjgz
FinovateFall 2013 Best of Show,mBank &amp; Accenture,//fast.wistia.net/embed/iframe/gq1octe6be
FinovateFall 2013 Best of Show,Mitek,//fast.wistia.net/embed/iframe/pci0u995pl
FinovateFall 2013 Best of Show,Motif Investing,//fast.wistia.net/embed/iframe/5f38sxbjqp
FinovateFall 2013 Best of Show,Yodlee,//fast.wistia.net/embed/iframe/87appic2kd
FinovateFall 2013 Best of Show,MoneyDesktop,//fast.wistia.net/embed/iframe/fl29mepdk4
FinovateFall 2013 Best of Show,TipRanks,//fast.wistia.net/embed/iframe/vlgmgljjtp
FinovateFall 2013 Best of Show,LearnVest,//fast.wistia.net/embed/iframe/1w4mwji4ei
FinovateAsia 2013 Best of Show,Kofax,//fast.wistia.net/embed/iframe/b167omqg68
FinovateAsia 2013 Best of Show,BehavioSec,//fast.wistia.net/embed/iframe/ksfvdm5v75
FinovateAsia 2013 Best of Show,IND Group,//fast.wistia.net/embed/iframe/hzo78eltuw
FinovateAsia 2013 Best of Show,Yodlee,//fast.wistia.net/embed/iframe/flt9mq6llk
FinovateEurope 2014 Best of Show,Backbase,//fast.wistia.net/embed/iframe/xogbn4prsh
FinovateEurope 2014 Best of Show,BehavioSec,//fast.wistia.net/embed/iframe/uccttcbnw2
FinovateEurope 2014 Best of Show,Dynamics,//fast.wistia.net/embed/iframe/0bp0o74wog
FinovateEurope 2014 Best of Show,ETRONIKA,//fast.wistia.net/embed/iframe/izvwe3xhyu
FinovateEurope 2014 Best of Show,Misys,//fast.wistia.net/embed/iframe/ebx3vn0o2u
FinovateEurope 2014 Best of Show,Tink,//fast.wistia.net/embed/iframe/2k9xfq8y7l
FinovateEurope 2014 Best of Show,Luxoft,//fast.wistia.net/embed/iframe/zw8u8ds0n3
FinovateEurope 2014 Best of Show,YourWealth,//fast.wistia.net/embed/iframe/jptkypx6jw
FinovateEurope 2014 Best of Show,Toshl,//fast.wistia.net/embed/iframe/xt32wr8p3q
FinovateSpring 2014 Best of Show,EyeVerify,//fast.wistia.net/embed/iframe/ibfwmbxkt1
FinovateSpring 2014 Best of Show,Interactions,//fast.wistia.net/embed/iframe/54nsvfniwy
FinovateSpring 2014 Best of Show,Loop,//fast.wistia.net/embed/iframe/hd4k429ra9
FinovateSpring 2014 Best of Show,Motif Investing,//fast.wistia.net/embed/iframe/fogjpybtgt
FinovateSpring 2014 Best of Show,Ondot Systems,//fast.wistia.net/embed/iframe/k9g8ulmo2t
FinovateSpring 2014 Best of Show,PrivatBank,//fast.wistia.net/embed/iframe/ak6jguhwtl
FinovateSpring 2014 Best of Show,SaveUp,//fast.wistia.net/embed/iframe/1hj6ol2ho2
FinovateSpring 2014 Best of Show,Stockpile,//fast.wistia.net/embed/iframe/g7vyxcuyya
