FinovateEurope 2014 Demo Videos,Advanced Merchant Payments,//fast.wistia.net/embed/iframe/coxx0mx995
FinovateEurope 2014 Demo Videos,AdviceGames,//fast.wistia.net/embed/iframe/l9efu7rg5t
FinovateEurope 2014 Demo Videos,AnalytixInsight,//fast.wistia.net/embed/iframe/k0bv58au9n
FinovateEurope 2014 Demo Videos,Arxan Technologies,//fast.wistia.net/embed/iframe/kr14uygnee
FinovateEurope 2014 Demo Videos,Atsora,//fast.wistia.net/embed/iframe/1s3wpza2aw
FinovateEurope 2014 Demo Videos,Avoka,//fast.wistia.net/embed/iframe/yiactr76b9
FinovateEurope 2014 Demo Videos,AXA Banque Chappuis Halder,//fast.wistia.net/embed/iframe/hkhedsa3c3
FinovateEurope 2014 Demo Videos,Backbase,//fast.wistia.net/embed/iframe/xruv3240il
FinovateEurope 2014 Demo Videos,BehavioSec,//fast.wistia.net/embed/iframe/3jdrcwwhzp
FinovateEurope 2014 Demo Videos,Cardwise,//fast.wistia.net/embed/iframe/nph8j9odr5
FinovateEurope 2014 Demo Videos,CRIF,//fast.wistia.net/embed/iframe/8kwtfal4nn
FinovateEurope 2014 Demo Videos,The Currency Cloud,//fast.wistia.net/embed/iframe/mjxarfe6ne
FinovateEurope 2014 Demo Videos,CurrencyTransfer,//fast.wistia.net/embed/iframe/dmfvatbrs4
FinovateEurope 2014 Demo Videos,Device Ident,//fast.wistia.net/embed/iframe/zqt44v41a5
FinovateEurope 2014 Demo Videos,Dynamics,//fast.wistia.net/embed/iframe/uupeqvuw5i
FinovateEurope 2014 Demo Videos,efigence &amp; Idea Bank,//fast.wistia.net/embed/iframe/u5ybdxon5w
FinovateEurope 2014 Demo Videos,Encap Security,//fast.wistia.net/embed/iframe/5d95hfib9m
FinovateEurope 2014 Demo Videos,ETRONIKA,//fast.wistia.net/embed/iframe/e6isj2ynve
FinovateEurope 2014 Demo Videos,EXCESS RETURN,//fast.wistia.net/embed/iframe/uqp242o2uj
FinovateEurope 2014 Demo Videos,EZBOB,//fast.wistia.net/embed/iframe/3u5aswl00b
FinovateEurope 2014 Demo Videos,fastacash,//fast.wistia.net/embed/iframe/r6tbw9846r
FinovateEurope 2014 Demo Videos,Feedzai,//fast.wistia.net/embed/iframe/lu7w6pze8b
FinovateEurope 2014 Demo Videos,Fiserv,//fast.wistia.net/embed/iframe/q6pfdjn6bj
FinovateEurope 2014 Demo Videos,Five Degrees,//fast.wistia.net/embed/iframe/0c9k2bwvwv
FinovateEurope 2014 Demo Videos,GMC,//fast.wistia.net/embed/iframe/ex8vz0f1wn
FinovateEurope 2014 Demo Videos,Innovation Agency,//fast.wistia.net/embed/iframe/diex7pe4gw
FinovateEurope 2014 Demo Videos,Intuition Intelligence,//fast.wistia.net/embed/iframe/zcu98yi9nw
FinovateEurope 2014 Demo Videos,ITSector,//fast.wistia.net/embed/iframe/5i9e488u9p
FinovateEurope 2014 Demo Videos,Jack Henry &amp; Associates and Luminous,//fast.wistia.net/embed/iframe/q0yvl2er7r
FinovateEurope 2014 Demo Videos,Jumio,//fast.wistia.net/embed/iframe/pv6jwnlrl8
FinovateEurope 2014 Demo Videos,Kensho,//fast.wistia.net/embed/iframe/caut534r2m
FinovateEurope 2014 Demo Videos,Kofax,//fast.wistia.net/embed/iframe/tft75j6baw
FinovateEurope 2014 Demo Videos,Kown,//fast.wistia.net/embed/iframe/1f44rnpc44
FinovateEurope 2014 Demo Videos,LifePay,//fast.wistia.net/embed/iframe/al2pvist8e
FinovateEurope 2014 Demo Videos,Luxoft,//fast.wistia.net/embed/iframe/0sdohskteg
FinovateEurope 2014 Demo Videos,Matchi,//fast.wistia.net/embed/iframe/5loxkuggs1
FinovateEurope 2014 Demo Videos,Meniga,//fast.wistia.net/embed/iframe/dsccdl12bu
FinovateEurope 2014 Demo Videos,Misys,//fast.wistia.net/embed/iframe/lwbbp5slkm
FinovateEurope 2014 Demo Videos,Mobino,//fast.wistia.net/embed/iframe/b53heuraz7
FinovateEurope 2014 Demo Videos,The Moneyer,//fast.wistia.net/embed/iframe/v1758ylaqw
FinovateEurope 2014 Demo Videos,Money on Toast,//fast.wistia.net/embed/iframe/rxo3h6bs63
FinovateEurope 2014 Demo Videos,MyOrder,//fast.wistia.net/embed/iframe/0zfjp1hte7
FinovateEurope 2014 Demo Videos,MyWishBoard,//fast.wistia.net/embed/iframe/vwiy8rv1dy
FinovateEurope 2014 Demo Videos,NF Innova,//fast.wistia.net/embed/iframe/uhm5wzl15l
FinovateEurope 2014 Demo Videos,Nostrum Group,//fast.wistia.net/embed/iframe/b6gyp63he5
FinovateEurope 2014 Demo Videos,Nous,//fast.wistia.net/embed/iframe/r9l3aqde29
FinovateEurope 2014 Demo Videos,payworks,//fast.wistia.net/embed/iframe/vh1r627d22
FinovateEurope 2014 Demo Videos,PhotoPay,//fast.wistia.net/embed/iframe/iik7nznulg
FinovateEurope 2014 Demo Videos,Pixeliris,//fast.wistia.net/embed/iframe/tbyyul8x5x
FinovateEurope 2014 Demo Videos,Plutus Software,//fast.wistia.net/embed/iframe/wpgu9bk2qv
FinovateEurope 2014 Demo Videos,Red Zebra Analytics,//fast.wistia.net/embed/iframe/iivxt0cdxu
FinovateEurope 2014 Demo Videos,SaaS Markets,//fast.wistia.net/embed/iframe/aqgl0o5fe8
FinovateEurope 2014 Demo Videos,SecureSafe,//fast.wistia.net/embed/iframe/f3azw00cem
FinovateEurope 2014 Demo Videos,Smart Engine,//fast.wistia.net/embed/iframe/x3wgtvgfj7
FinovateEurope 2014 Demo Videos,SoftWear Finance,//fast.wistia.net/embed/iframe/d7qy4sdvaf
FinovateEurope 2014 Demo Videos,SQLI,//fast.wistia.net/embed/iframe/kbww3zwwo8
FinovateEurope 2014 Demo Videos,Temenos,//fast.wistia.net/embed/iframe/lk84i3uugq
FinovateEurope 2014 Demo Videos,Tink,//fast.wistia.net/embed/iframe/e51tkipewz
FinovateEurope 2014 Demo Videos,Top Image Systems,//fast.wistia.net/embed/iframe/mz15zswtmk
FinovateEurope 2014 Demo Videos,Topicus Finan,//fast.wistia.net/embed/iframe/94l065v23r
FinovateEurope 2014 Demo Videos,Trustev,//fast.wistia.net/embed/iframe/hdbqgjavw5
FinovateEurope 2014 Demo Videos,vaamo,//fast.wistia.net/embed/iframe/8q9umgvnma
FinovateEurope 2014 Demo Videos,YourWealth,//fast.wistia.net/embed/iframe/enlr56rjob
FinovateEurope 2014 Demo Videos,Yseop,//fast.wistia.net/embed/iframe/s7oxxl5cyt
FinovateEurope 2014 Demo Videos,Toshl,//fast.wistia.net/embed/iframe/eudh1sg13h
FinovateEurope 2014 Demo Videos,Truphone,//fast.wistia.net/embed/iframe/203n4iwdms