FinovateSpring 2014 Demo Videos,Artivest,//fast.wistia.net/embed/iframe/xdjpwi7hof
FinovateSpring 2014 Demo Videos,Avoka,//fast.wistia.net/embed/iframe/h05wx0v0ne
FinovateSpring 2014 Demo Videos,BodeTree,//fast.wistia.net/embed/iframe/vonmaj7lg9
FinovateSpring 2014 Demo Videos,ChiaraMail,//fast.wistia.net/embed/iframe/lcipe6p5ao
FinovateSpring 2014 Demo Videos,Coinbase,//fast.wistia.net/embed/iframe/5bzo5eaqvx
FinovateSpring 2014 Demo Videos,Crealogix,//fast.wistia.net/embed/iframe/vslo7rbclw
FinovateSpring 2014 Demo Videos,CuneXus,//fast.wistia.net/embed/iframe/nyvrefbe83
FinovateSpring 2014 Demo Videos,D3Banking,//fast.wistia.net/embed/iframe/cg27zvb0xf
FinovateSpring 2014 Demo Videos,Dealstruck,//fast.wistia.net/embed/iframe/ve9i9i8kbo
FinovateSpring 2014 Demo Videos,defiSOLUTIONS,//fast.wistia.net/embed/iframe/gzmrc2svce
FinovateSpring 2014 Demo Videos,DigitalInsight,//fast.wistia.net/embed/iframe/qiax0wepx3
FinovateSpring 2014 Demo Videos,DigitalRetail,//fast.wistia.net/embed/iframe/nq6r8znspy
FinovateSpring 2014 Demo Videos,EncapSecurity,//fast.wistia.net/embed/iframe/pu2i9qdx1b
FinovateSpring 2014 Demo Videos,Endeavour,//fast.wistia.net/embed/iframe/j6cqpzdtsi
FinovateSpring 2014 Demo Videos,EyeVerify,//fast.wistia.net/embed/iframe/cu6q4p2spt
FinovateSpring 2014 Demo Videos,FinBuddy,//fast.wistia.net/embed/iframe/ok9ys83crr
FinovateSpring 2014 Demo Videos,Fiserv,//fast.wistia.net/embed/iframe/up99azi8of
FinovateSpring 2014 Demo Videos,FlexScore,//fast.wistia.net/embed/iframe/8q5l0abgli
FinovateSpring 2014 Demo Videos,IDme,//fast.wistia.net/embed/iframe/f8e66er10b
FinovateSpring 2014 Demo Videos,Insuritas,//fast.wistia.net/embed/iframe/ermmt22wf4
FinovateSpring 2014 Demo Videos,IntelliResponse,//fast.wistia.net/embed/iframe/k7u4dib8kl
FinovateSpring 2014 Demo Videos,Interactions,//fast.wistia.net/embed/iframe/azya2l7ykj
FinovateSpring 2014 Demo Videos,Jumio,//fast.wistia.net/embed/iframe/34bqbylsit
FinovateSpring 2014 Demo Videos,Kofax,//fast.wistia.net/embed/iframe/05cbgmzail
FinovateSpring 2014 Demo Videos,Kreditech,//fast.wistia.net/embed/iframe/hq8idycsxa
FinovateSpring 2014 Demo Videos,LendingRobot,//fast.wistia.net/embed/iframe/99erud7ffh
FinovateSpring 2014 Demo Videos,LendingTree,//fast.wistia.net/embed/iframe/3fbqy0oaff
FinovateSpring 2014 Demo Videos,LendUp,//fast.wistia.net/embed/iframe/t4ygqiqade
FinovateSpring 2014 Demo Videos,Loop,//fast.wistia.net/embed/iframe/esccqxv9z0
FinovateSpring 2014 Demo Videos,Loyal3,//fast.wistia.net/embed/iframe/zhayzlnztb
FinovateSpring 2014 Demo Videos,MarketProphit,//fast.wistia.net/embed/iframe/peyxpncxai
FinovateSpring 2014 Demo Videos,MotifInvesting,//fast.wistia.net/embed/iframe/9t4nkqagxj
FinovateSpring 2014 Demo Videos,MShift,//fast.wistia.net/embed/iframe/4ut6fyj4sn
FinovateSpring 2014 Demo Videos,Nearex,//fast.wistia.net/embed/iframe/sh499jxajg
FinovateSpring 2014 Demo Videos,NICESystems,//fast.wistia.net/embed/iframe/qcljvcfe1k
FinovateSpring 2014 Demo Videos,OnBudget,//fast.wistia.net/embed/iframe/p1mpe9y7s8
FinovateSpring 2014 Demo Videos,Qapital,//fast.wistia.net/embed/iframe/hr5bw85vje
FinovateSpring 2014 Demo Videos,Quisk,//fast.wistia.net/embed/iframe/fg65x38alo
FinovateSpring 2014 Demo Videos,Radius,//fast.wistia.net/embed/iframe/8fahk5cdxx
FinovateSpring 2014 Demo Videos,RealtyMogul,//fast.wistia.net/embed/iframe/v59e1vbo7f
FinovateSpring 2014 Demo Videos,RedGiant,//fast.wistia.net/embed/iframe/ojbwbzp6kn
FinovateSpring 2014 Demo Videos,Rippleshot,//fast.wistia.net/embed/iframe/ss743qeh0s
FinovateSpring 2014 Demo Videos,Roostify,//fast.wistia.net/embed/iframe/bay5oi6xp4
FinovateSpring 2014 Demo Videos,SaveUp,//fast.wistia.net/embed/iframe/9wxppcbdhg
FinovateSpring 2014 Demo Videos,SmartAsset,//fast.wistia.net/embed/iframe/6j4l570ej0
FinovateSpring 2014 Demo Videos,Spreedly,//fast.wistia.net/embed/iframe/i4t44whscv
FinovateSpring 2014 Demo Videos,Stockpile,//fast.wistia.net/embed/iframe/u0xqgarnj2
FinovateSpring 2014 Demo Videos,StrategyCorps,//fast.wistia.net/embed/iframe/awggpty096
FinovateSpring 2014 Demo Videos,Sureify,//fast.wistia.net/embed/iframe/6i0vr8gyqg
FinovateSpring 2014 Demo Videos,TactileFinance,//fast.wistia.net/embed/iframe/a4fiipbsup
FinovateSpring 2014 Demo Videos,TDAmeritradeLikeFolio,//fast.wistia.net/embed/iframe/jhd3166uch
FinovateSpring 2014 Demo Videos,TextPower,//fast.wistia.net/embed/iframe/5y68tmsw1o
FinovateSpring 2014 Demo Videos,TrueLink,//fast.wistia.net/embed/iframe/n1q1p5osk8
FinovateSpring 2014 Demo Videos,Venovate,//fast.wistia.net/embed/iframe/j7fw05ybon
FinovateSpring 2014 Demo Videos,VerdeInternational,//fast.wistia.net/embed/iframe/xz4r9o6igu
FinovateSpring 2014 Demo Videos,VisibleEquity,//fast.wistia.net/embed/iframe/0d9wmzws2h
FinovateSpring 2014 Demo Videos,Vorstack,//fast.wistia.net/embed/iframe/qha2eh4blj
FinovateSpring 2014 Demo Videos,WePay,//fast.wistia.net/embed/iframe/of4p6d78nr
FinovateSpring 2014 Demo Videos,Wipit,//fast.wistia.net/embed/iframe/g4syt6u3p5
FinovateSpring 2014 Demo Videos,Yseop,//fast.wistia.net/embed/iframe/azlxk0ndpy
FinovateSpring 2014 Demo Videos,ZenPayroll,//fast.wistia.net/embed/iframe/p8fgxk86x3
FinovateSpring 2014 Demo Videos,Zumigo,//fast.wistia.net/embed/iframe/cjjgx46rkm
FinovateSpring 2014 Best of Show,EyeVerify,//fast.wistia.net/embed/iframe/ibfwmbxkt1
FinovateSpring 2014 Best of Show,Interactions,//fast.wistia.net/embed/iframe/54nsvfniwy
FinovateSpring 2014 Best of Show,Loop,//fast.wistia.net/embed/iframe/hd4k429ra9
FinovateSpring 2014 Best of Show,Motif Investing,//fast.wistia.net/embed/iframe/fogjpybtgt
FinovateSpring 2014 Best of Show,Ondot Systems,//fast.wistia.net/embed/iframe/k9g8ulmo2t
FinovateSpring 2014 Best of Show,PrivatBank,//fast.wistia.net/embed/iframe/ak6jguhwtl
FinovateSpring 2014 Best of Show,SaveUp,//fast.wistia.net/embed/iframe/1hj6ol2ho2
FinovateSpring 2014 Best of Show,Stockpile,//fast.wistia.net/embed/iframe/g7vyxcuyya